source,target,weight
0,33600,8
0,33601,2
0,33609,1
0,33613,1
0,33617,1
0,33623,1
0,33626,1
0,33635,2
0,33647,1
0,33650,1
0,33651,1
0,33654,1
0,33662,1
0,33689,1
0,33691,1
0,33696,1
0,33703,1
0,33707,2
0,33708,1
0,33709,1
0,33710,1
0,33711,2
0,33712,1
0,33714,1
0,33721,4
0,33722,2
0,33725,1
0,33727,2
0,33729,1
0,33730,1
0,33733,1
0,33742,1
0,33743,2
0,33763,1
0,33771,1
0,33772,1
0,33774,1
0,33791,1
0,33796,1
0,33799,1
0,33805,1
0,33810,1
0,33811,2
0,33812,1
0,33813,1
0,33814,1
0,33815,1
0,33817,1
0,33820,3
0,33822,2
0,33834,1
0,33835,1
0,33836,1
0,33840,5
0,33841,1
0,33842,1
0,33843,2
0,33844,1
0,33849,1
0,33851,1
0,33860,1
0,33862,1
0,33864,1
0,33875,1
0,33880,2
0,33881,1
0,33882,1
0,33901,20
0,33903,1
0,33908,1
0,33909,1
0,33910,1
0,33912,1
0,33917,1
0,33918,2
0,33922,1
0,33923,1
0,33925,3
0,33930,1
0,33931,1
0,33941,2
0,33943,1
0,33944,1
0,33945,1
0,33953,3
0,33965,2
0,33970,1
0,33987,1
0,34018,1
0,34029,4
0,34034,2
0,34036,1
0,34037,1
0,34041,5
0,34045,2
0,34047,1
0,34053,1
0,34066,5
0,34077,1
0,34080,1
0,34093,1
0,34094,1
0,34095,1
0,34097,2
0,34101,3
0,34117,3
0,34118,1
0,34121,1
0,34134,1
0,34138,1
0,34161,3
0,34164,2
0,34166,1
0,34171,1
0,34180,2
0,34181,1
0,34182,1
0,34184,1
0,34187,1
0,34188,1
0,34191,1
0,34196,1
0,34198,1
0,34212,3
0,34215,1
0,34236,2
0,34249,1
0,34250,2
0,34256,1
0,34261,1
0,34262,1
0,34263,1
0,34270,1
0,34271,1
0,34273,1
0,34281,1
0,34282,1
0,34286,1
0,34287,2
0,34291,1
0,34294,1
0,34298,5
0,34308,1
0,34314,2
0,34319,1
0,34325,1
0,34326,1
0,34329,1
0,34331,1
0,34343,1
0,34344,1
0,34358,1
0,34359,1
0,34362,2
0,34363,1
0,34366,2
0,34368,1
0,34373,1
0,34375,2
0,34376,1
0,34382,1
0,34383,1
0,34391,2
0,34395,2
0,34435,1
0,34452,1
0,34458,1
0,34461,3
0,34495,1
0,34504,1
0,34507,4
0,34513,1
0,34519,1
0,34527,1
0,34532,1
0,34536,1
0,34553,1
0,34565,2
0,34577,1
0,34585,1
0,34587,1
0,34601,1
0,34603,1
0,34614,2
0,34615,1
0,34619,1
0,34625,1
0,34634,1
0,34643,1
0,34648,1
0,34650,2
0,34681,1
0,34700,1
0,34713,10
0,34717,1
0,34718,2
0,34719,2
0,34720,1
0,34724,1
0,34725,1
0,34727,1
0,34728,1
0,34733,1
0,34735,2
0,34737,1
0,34741,2
0,34742,1
0,34746,1
0,34747,1
0,34748,1
0,34750,1
0,34759,1
0,34760,1
0,34763,2
0,34765,1
0,34768,2
0,34775,1
0,34776,1
0,34779,1
0,34786,1
0,34802,1
0,34887,2
0,34955,36
0,34957,1
0,34958,1
0,34960,1
0,34961,2
0,34968,1
0,34969,1
0,34971,1
0,34978,2
0,34979,1
0,34982,2
0,34984,1
0,34988,1
0,34990,1
0,34992,1
0,34998,2
0,35002,3
0,35009,7
0,35010,3
0,35020,1
0,35022,1
0,35026,1
0,35029,3
0,35030,4
0,35034,1
0,35038,1
0,35061,1
0,35062,2
0,35064,2
0,35067,1
0,35068,5
0,35074,3
0,35075,2
0,35091,1
0,35092,1
0,35093,1
0,35096,1
0,35098,1
0,35102,12
0,35111,1
0,35116,2
0,35121,2
0,35123,1
0,35130,1
0,35131,2
0,35132,2
0,35133,5
0,35136,1
0,35140,1
0,35143,2
0,35145,2
0,35146,1
0,35149,1
0,35152,1
0,35157,1
0,35159,1
0,35161,3
0,35162,3
0,35168,3
0,35169,4
0,35171,1
0,35172,4
0,35173,1
0,35174,1
0,35175,1
0,35178,4
0,35180,1
0,35181,1
0,35209,3
0,35228,1
0,35232,1
0,35237,1
0,35240,3
0,35245,3
0,35246,3
0,35250,4
0,35251,1
0,35259,2
0,35261,4
0,35264,9
0,35273,1
0,35274,1
0,35277,2
0,35279,2
0,35281,1
0,35282,3
0,35283,2
0,35285,2
0,35286,2
0,35288,1
0,35289,2
0,35290,1
0,35293,1
0,35297,1
0,35300,1
0,35305,1
0,35324,1
0,35325,2
0,35330,1
0,35350,2
0,35358,1
0,35362,3
0,35364,1
0,35368,1
0,35369,4
0,35371,1
0,35376,13
0,35377,1
0,35378,1
0,35380,3
0,35384,10
0,35385,1
0,35388,1
0,35392,2
0,35395,1
0,35404,5
0,35405,1
0,35407,1
0,35409,1
0,35410,2
0,35412,2
0,35416,2
0,35418,1
0,35420,1
0,35424,1
0,35427,1
0,35442,3
0,35447,2
0,35449,4
0,35450,2
0,35452,1
0,35453,1
0,35454,1
0,35458,1
0,35460,2
0,35464,2
0,35465,1
0,35478,2
0,35484,1
0,35488,1
0,35496,1
0,35498,1
0,35500,1
0,35502,1
0,35506,1
0,35517,2
0,35524,3
0,35529,1
0,35530,1
0,35534,2
0,35545,3
0,35546,2
0,35548,2
0,35557,2
0,35565,1
0,35572,1
0,35588,11
0,35627,1
0,35629,2
0,35635,1
0,35638,4
0,35640,1
0,35641,1
0,35686,1
0,35696,1
0,35712,1
0,35724,2
0,35733,1
0,35740,1
0,35749,2
0,35781,1
0,35783,1
0,35785,2
0,35786,1
0,35788,2
0,35792,1
0,35797,1
0,35829,1
0,35834,1
0,35837,1
0,35856,2
0,35860,1
0,35875,4
0,35912,1
0,35913,1
0,35915,2
0,35917,1
0,35918,1
0,35925,1
0,35933,1
0,35935,1
0,35936,1
0,35937,7
0,35941,1
0,35945,1
0,35946,1
0,35959,1
0,35963,1
0,35964,1
0,35973,1
0,35978,1
0,35991,1
0,36001,2
0,36014,1
0,36026,1
0,36030,1
0,36059,2
0,36061,1
0,36128,2
0,36179,1
0,36241,2
0,36245,1
0,36247,1
0,36248,1
0,36251,1
0,36253,1
0,36256,1
0,36266,2
0,36277,2
0,36279,1
0,36289,1
0,36307,1
0,36313,1
0,36319,2
0,36327,1
0,36328,1
0,36329,2
0,36336,1
0,36344,1
0,36356,1
0,36362,1
0,36371,1
0,36375,1
0,36377,1
0,36378,1
0,36383,1
0,36399,1
0,36404,2
0,36410,1
0,36415,1
0,36422,1
0,36425,1
0,36426,1
0,36430,1
0,36431,1
0,36438,1
0,36446,1
0,36452,1
0,36457,1
0,36459,1
0,36471,2
0,36472,1
0,36474,1
0,36476,1
0,36484,2
0,36488,4
0,36502,1
0,36515,1
0,36516,1
0,36527,1
33597,33829,1
33597,34279,1
33597,34581,1
33597,34955,1
33597,35289,1
33597,35545,1
33597,35588,1
33597,35629,1
33597,35836,1
33597,36061,1
33600,33647,1
33600,33651,1
33600,33711,1
33600,33742,1
33600,33771,1
33600,33841,1
33600,33861,1
33600,33875,1
33600,33901,4
33600,33908,1
33600,33910,1
33600,33925,1
33600,33929,1
33600,33965,1
33600,34018,1
33600,34029,1
33600,34035,1
33600,34066,1
33600,34101,1
33600,34171,1
33600,34294,1
33600,34314,1
33600,34318,1
33600,34358,1
33600,34362,1
33600,34366,1
33600,34395,1
33600,34536,1
33600,34614,1
33600,34713,2
33600,34725,1
33600,34742,1
33600,34955,7
33600,34958,1
33600,34961,2
33600,34990,1
33600,34998,1
33600,35002,1
33600,35010,1
33600,35030,2
33600,35064,2
33600,35068,1
33600,35078,1
33600,35121,1
33600,35123,1
33600,35132,1
33600,35133,1
33600,35162,2
33600,35168,1
33600,35178,1
33600,35209,1
33600,35232,1
33600,35245,1
33600,35279,1
33600,35283,2
33600,35290,1
33600,35371,1
33600,35395,1
33600,35412,1
33600,35442,1
33600,35449,2
33600,35478,1
33600,35588,2
33600,35716,1
33600,35786,1
33600,35788,1
33600,35792,1
33600,35875,1
33600,35915,1
33600,35937,1
33600,35978,1
33600,35991,1
33600,36179,1
33600,36241,1
33600,36253,1
33600,36310,1
33600,36320,1
33600,36327,1
33600,36344,1
33600,36377,1
33600,36463,1
33600,36469,1
33601,33722,1
33601,33733,1
33601,33743,1
33601,33820,1
33601,33901,2
33601,34041,1
33601,34118,1
33601,34291,1
33601,34603,1
33601,34713,1
33601,34719,2
33601,34794,1
33601,34955,2
33601,35009,1
33601,35082,1
33601,35149,1
33601,35350,1
33601,35368,1
33601,35369,1
33601,35376,2
33601,35416,1
33601,35450,1
33601,35458,1
33601,35529,1
33601,35588,1
33601,36128,1
33601,36251,1
33601,36266,1
33601,36383,1
33601,36482,1
33609,33654,1
33609,33707,1
33609,33710,1
33609,33729,1
33609,34565,1
33609,36014,1
33609,36426,1
33613,33843,1
33613,33945,1
33613,33965,1
33613,34045,1
33613,34174,1
33613,34395,1
33613,34507,1
33613,34718,1
33613,34748,1
33613,34776,1
33613,34955,2
33613,35002,1
33613,35117,1
33613,35125,1
33613,35130,1
33613,35172,1
33613,35237,1
33613,35289,1
33613,35353,1
33613,35376,1
33613,35392,1
33613,35545,1
33613,35557,1
33613,35572,1
33613,35629,1
33613,35944,1
33613,36484,1
33617,33844,1
33617,34982,1
33617,35856,1
33617,35875,1
33623,33689,1
33623,33835,1
33623,33901,2
33623,34713,1
33623,34955,2
33623,35009,1
33623,35143,1
33623,35240,1
33623,35264,1
33623,35358,1
33623,35376,2
33623,35384,1
33623,35416,1
33623,35514,1
33623,35588,1
33623,35645,1
33623,35917,1
33623,36415,1
33623,36459,1
33623,36488,1
33626,34012,1
33626,34171,1
33626,34196,1
33626,35009,1
33626,35102,1
33626,35159,1
33626,35175,1
33626,35259,1
33626,35369,1
33626,35546,1
33626,35733,1
33626,36310,1
33631,35629,1
33631,36152,1
33635,33674,1
33635,33864,1
33635,33901,1
33635,33912,1
33635,34037,1
33635,34097,1
33635,34101,1
33635,34286,1
33635,34391,1
33635,34512,1
33635,34955,1
33635,35026,1
33635,35098,1
33635,35168,1
33635,35279,1
33635,35286,1
33635,35364,1
33635,35376,1
33635,35629,1
33635,35923,1
33635,36061,1
33635,36241,1
33635,36328,1
33647,33901,1
33647,34366,1
33647,34614,1
33647,34955,1
33647,35010,1
33647,35030,1
33647,35283,1
33647,35395,1
33647,35478,1
33647,35937,1
33650,33711,1
33650,33712,1
33650,33840,1
33650,33918,1
33650,34093,1
33650,35178,1
33650,35240,1
33650,35325,1
33650,35410,1
33650,35588,1
33650,35749,1
33650,35781,1
33650,36328,1
33651,33864,1
33651,33880,1
33651,33901,2
33651,33925,1
33651,34041,1
33651,34066,1
33651,34287,1
33651,34308,1
33651,34353,1
33651,34357,1
33651,34529,1
33651,34536,1
33651,34600,1
33651,34607,1
33651,34750,1
33651,34955,3
33651,35010,1
33651,35061,1
33651,35068,1
33651,35102,1
33651,35133,1
33651,35162,1
33651,35259,1
33651,35264,1
33651,35376,1
33651,35404,1
33651,35478,1
33651,35532,1
33651,36253,1
33654,33707,1
33654,33710,1
33654,33729,1
33654,34565,1
33654,36014,1
33654,36426,1
33657,33707,1
33657,33886,1
33657,33925,1
33657,34298,1
33657,34802,1
33657,35009,1
33657,35096,1
33657,35243,1
33657,35282,1
33657,35937,1
33657,35969,1
33662,33721,1
33662,33901,1
33662,34134,1
33662,34184,1
33662,35279,1
33662,35500,1
33662,35565,1
33664,33901,1
33664,34029,1
33664,34286,1
33664,34298,1
33664,34454,1
33664,34590,1
33664,35266,1
33664,35360,1
33664,35376,1
33664,35395,1
33664,35532,1
33664,35629,1
33664,35656,1
33664,35973,1
33664,36001,1
33668,33814,1
33668,35030,1
33668,35362,1
33668,35482,1
33674,33724,1
33674,33864,1
33674,33868,1
33674,34020,1
33674,34037,1
33674,34097,1
33674,34101,1
33674,34141,1
33674,34333,1
33674,34404,2
33674,34512,1
33674,34742,1
33674,34745,1
33674,34759,1
33674,34761,1
33674,35098,1
33674,35143,1
33674,35168,1
33674,35224,1
33674,35242,1
33674,35286,1
33674,35376,2
33674,35380,1
33674,35410,1
33674,35449,1
33674,35454,1
33674,35923,1
33687,35172,1
33689,33835,1
33689,33901,1
33689,34720,1
33689,34955,1
33689,35009,1
33689,35143,1
33689,35240,1
33689,35264,1
33689,35376,1
33689,35384,1
33689,35416,1
33689,35588,1
33689,35917,1
33689,36488,1
33691,33901,1
33691,34713,1
33691,34955,1
33691,35442,1
33691,35686,1
33691,35797,1
33696,34148,1
33696,34181,1
33696,34375,1
33696,35074,1
33696,35933,1
33703,33799,1
33703,34164,1
33703,35074,1
33703,35098,1
33703,35264,1
33703,35449,1
33706,33826,1
33706,34630,1
33706,35092,1
33706,35102,1
33706,35264,1
33706,35271,1
33706,35339,1
33706,35524,1
33706,35588,1
33706,36250,1
33707,33710,1
33707,33729,1
33707,33886,1
33707,33901,1
33707,33925,1
33707,34138,1
33707,34263,1
33707,34298,1
33707,34461,1
33707,34507,1
33707,34565,1
33707,34622,1
33707,34802,1
33707,35009,1
33707,35096,1
33707,35232,1
33707,35243,1
33707,35282,1
33707,35289,1
33707,35376,1
33707,35384,1
33707,35409,1
33707,35436,1
33707,35482,1
33707,35545,1
33707,35829,1
33707,35937,1
33707,35969,1
33707,36014,1
33707,36426,1
33707,36484,1
33708,33813,1
33708,34066,1
33708,34614,1
33708,34955,1
33708,35038,1
33708,35133,1
33708,35420,1
33708,35453,1
33708,35860,1
33709,33721,1
33709,33901,1
33709,34271,1
33709,34298,1
33709,34786,1
33709,34955,1
33709,34968,1
33709,35067,1
33709,35102,1
33709,35116,1
33709,35172,1
33709,35264,1
33709,35325,1
33709,35376,1
33709,35384,1
33709,35496,1
33709,35588,1
33709,35942,1
33710,33729,1
33710,34565,1
33710,36014,1
33710,36426,1
33711,33712,1
33711,33823,1
33711,33840,1
33711,33910,1
33711,33918,1
33711,34093,1
33711,34294,1
33711,34314,1
33711,34395,1
33711,34713,1
33711,34750,1
33711,34955,2
33711,35162,1
33711,35178,2
33711,35240,1
33711,35325,1
33711,35371,1
33711,35376,1
33711,35410,1
33711,35442,1
33711,35449,1
33711,35587,1
33711,35588,1
33711,35637,1
33711,35749,1
33711,35781,1
33711,35788,1
33711,35792,1
33711,35825,1
33711,35872,1
33711,36179,1
33711,36241,1
33711,36328,1
33712,33840,1
33712,33918,1
33712,34093,1
33712,35178,1
33712,35240,1
33712,35325,1
33712,35410,1
33712,35588,1
33712,35749,1
33712,35781,1
33712,36328,1
33714,33811,1
33714,33820,1
33714,33901,1
33714,33941,1
33714,34047,1
33714,34230,1
33714,34287,1
33714,34407,1
33714,34435,1
33714,34527,1
33714,34802,1
33714,34955,1
33714,35002,1
33714,35267,1
33714,35376,1
33714,35420,1
33714,35557,1
33714,35937,1
33714,36425,1
33721,33843,1
33721,33901,4
33721,33902,1
33721,33908,1
33721,33941,1
33721,33953,1
33721,34093,1
33721,34101,1
33721,34134,1
33721,34184,1
33721,34271,1
33721,34284,1
33721,34298,1
33721,34344,1
33721,34603,1
33721,34713,1
33721,34728,1
33721,34786,1
33721,34887,1
33721,34955,2
33721,34960,1
33721,34968,1
33721,35025,1
33721,35034,1
33721,35067,1
33721,35102,1
33721,35125,1
33721,35172,1
33721,35264,1
33721,35279,1
33721,35325,1
33721,35359,1
33721,35376,1
33721,35380,1
33721,35384,1
33721,35412,1
33721,35450,1
33721,35465,1
33721,35496,1
33721,35500,1
33721,35565,1
33721,35588,1
33721,35638,1
33721,35694,1
33721,35740,1
33721,35841,1
33721,35875,1
33721,35915,1
33721,35937,1
33721,36247,1
33721,36459,1
33721,36476,1
33721,36484,1
33722,33743,1
33722,33772,1
33722,33820,1
33722,33834,1
33722,33849,1
33722,33882,1
33722,33901,1
33722,33917,1
33722,34118,1
33722,34291,1
33722,34601,1
33722,34713,1
33722,34719,1
33722,35149,1
33722,35173,1
33722,35369,1
33722,35376,1
33722,35384,1
33722,35458,1
33722,35502,1
33722,35529,1
33722,35978,1
33722,36251,1
33722,36266,1
33724,33784,1
33724,33844,1
33724,34020,1
33724,34090,1
33724,34713,1
33724,34742,1
33724,34745,1
33724,34955,1
33724,34961,1
33724,35152,1
33724,35238,1
33724,35242,1
33724,35264,1
33724,35376,1
33724,35406,1
33724,35449,1
33724,36128,1
33725,33796,1
33725,33814,1
33725,33901,1
33725,33944,1
33725,34066,1
33725,34373,1
33725,34768,1
33725,34776,1
33725,35096,1
33725,35285,1
33725,35362,1
33725,35384,1
33725,35545,1
33725,35937,1
33725,36399,1
33726,35172,1
33726,35483,1
33727,33730,1
33727,33762,1
33727,33901,1
33727,33953,1
33727,33987,1
33727,34029,1
33727,34177,1
33727,34181,1
33727,34182,1
33727,34357,1
33727,34575,1
33727,34585,1
33727,34786,1
33727,34955,1
33727,35074,1
33727,35125,1
33727,35250,1
33727,35259,1
33727,35368,1
33727,35369,1
33727,35404,1
33727,35418,1
33727,35716,1
33727,36281,1
33727,36307,1
33729,34565,1
33729,36014,1
33729,36426,1
33730,34182,1
33730,35404,1
33730,36307,1
33733,33901,1
33733,34041,1
33733,34955,1
33733,35009,1
33733,35350,1
33733,35416,1
33733,35450,1
33733,35588,1
33733,36128,1
33736,34034,1
33736,34079,1
33736,34313,1
33736,34615,1
33736,35283,1
33736,35376,1
33736,35506,1
33736,35524,1
33736,35869,1
33736,36484,1
33742,33901,1
33742,34018,1
33742,34358,1
33742,34955,1
33742,34958,1
33742,34961,1
33742,35121,1
33742,35915,1
33742,36377,1
33743,33820,1
33743,34118,1
33743,34291,1
33743,34713,1
33743,34719,1
33743,34720,1
33743,35143,1
33743,35149,1
33743,35369,1
33743,35376,1
33743,35458,1
33743,35529,1
33743,35548,1
33743,36251,1
33743,36266,1
33743,36425,1
33746,34955,1
33746,35240,1
33746,35436,1
33746,35507,1
33746,35694,1
33746,36488,1
33752,35172,1
33752,35285,1
33752,35381,1
33752,35441,1
33752,35464,1
33752,36281,1
33762,34177,1
33762,34181,1
33762,34357,1
33762,34786,1
33762,35074,1
33762,35125,1
33763,33880,1
33763,33901,1
33763,34095,1
33763,34273,1
33763,34343,1
33763,34713,1
33763,34978,1
33763,35009,1
33763,35010,1
33763,35068,1
33763,35102,1
33763,35161,1
33763,35261,1
33763,35264,1
33763,35273,1
33763,35282,1
33763,35297,1
33763,35369,1
33763,35380,1
33763,35384,1
33763,35385,1
33763,35427,1
33763,35450,1
33763,35918,1
33763,35936,1
33763,35964,1
33763,36061,1
33763,36446,1
33771,33875,1
33771,33901,2
33771,33908,1
33771,33965,1
33771,34161,1
33771,34251,1
33771,34431,1
33771,34461,1
33771,34713,2
33771,34725,1
33771,34742,1
33771,34955,1
33771,34998,1
33771,35002,1
33771,35068,1
33771,35132,1
33771,35178,1
33771,35245,1
33771,35283,1
33771,35458,1
33771,35786,1
33771,35875,1
33771,36327,1
33771,36459,1
33772,33834,1
33772,33849,1
33772,33882,1
33772,33901,1
33772,33917,1
33772,34601,1
33772,34713,1
33772,35173,1
33772,35384,1
33772,35502,1
33772,35978,1
33774,33842,1
33774,34117,1
33774,34418,1
33774,35162,1
33774,35369,1
33774,35376,1
33778,33901,1
33778,33913,1
33778,33965,1
33778,34272,1
33778,34955,1
33778,35001,1
33778,35102,1
33778,35781,1
33778,35820,1
33778,36065,1
33784,33844,1
33784,34090,1
33784,34713,1
33784,34955,1
33784,34961,1
33784,35152,1
33784,35238,1
33784,35264,1
33784,35376,1
33784,35406,1
33784,36128,1
33787,35400,1
33787,36241,1
33791,34532,1
33791,34759,1
33791,34955,1
33791,35074,1
33791,35116,1
33791,35264,1
33796,33814,1
33796,33901,1
33796,33944,1
33796,34066,1
33796,34373,1
33796,34768,1
33796,34776,1
33796,35096,1
33796,35285,1
33796,35362,1
33796,35384,1
33796,35545,1
33796,35937,1
33796,36399,1
33799,34164,1
33799,35074,1
33799,35098,1
33799,35264,1
33799,35449,1
33805,33836,1
33805,33901,1
33805,33931,1
33805,34961,1
33805,35152,1
33807,33811,1
33807,34582,1
33807,35473,1
33807,36307,1
33810,35181,1
33810,35506,1
33811,33817,1
33811,34047,1
33811,34080,1
33811,34435,1
33811,34495,1
33811,34536,1
33811,34582,1
33811,34713,1
33811,35061,1
33811,35102,1
33811,35133,1
33811,35146,1
33811,35384,1
33811,35473,1
33811,35937,1
33811,36059,1
33811,36307,1
33812,34250,1
33812,34281,1
33812,34325,1
33812,34458,1
33812,34955,1
33812,35102,1
33812,35133,1
33812,35404,1
33812,35464,1
33812,35937,1
33812,35941,1
33813,34066,1
33813,34614,1
33813,34955,1
33813,35038,1
33813,35133,1
33813,35420,1
33813,35453,1
33813,35860,1
33814,33901,1
33814,33944,1
33814,34066,1
33814,34373,1
33814,34768,1
33814,34776,1
33814,35030,1
33814,35096,1
33814,35285,1
33814,35362,2
33814,35384,1
33814,35482,1
33814,35545,1
33814,35937,1
33814,36399,1
33815,33923,1
33815,34041,1
33815,34625,1
33815,35498,1
33815,35641,1
33815,35712,1
33817,34080,1
33817,34495,1
33817,34536,1
33817,34713,1
33817,35061,1
33817,35102,1
33817,35133,1
33817,35146,1
33817,35384,1
33817,36059,1
33820,33840,1
33820,34045,1
33820,34118,1
33820,34261,1
33820,34291,1
33820,34527,1
33820,34647,1
33820,34719,1
33820,34733,1
33820,34802,1
33820,34955,2
33820,34960,1
33820,34968,1
33820,35010,1
33820,35029,1
33820,35075,1
33820,35111,1
33820,35149,1
33820,35250,1
33820,35251,1
33820,35261,1
33820,35281,1
33820,35369,1
33820,35376,3
33820,35458,1
33820,35524,1
33820,35529,1
33820,35783,1
33820,35785,1
33820,36251,1
33820,36266,1
33822,34066,1
33822,34101,1
33822,34298,1
33822,35102,1
33822,35168,1
33822,35169,1
33822,35289,1
33822,35875,1
33822,36001,1
33823,34750,1
33823,34955,1
33823,35376,1
33823,35587,1
33823,35637,1
33823,35825,1
33823,35872,1
33826,34630,1
33826,35092,1
33826,35102,1
33826,35264,1
33826,35271,1
33826,35339,1
33826,35524,1
33826,35588,1
33826,36250,1
33829,34279,1
33829,34581,1
33829,34955,1
33829,35289,1
33829,35545,1
33829,35588,1
33829,35629,1
33829,35836,1
33829,36061,1
33834,33849,1
33834,33882,1
33834,33901,1
33834,33917,1
33834,34601,1
33834,34713,1
33834,35173,1
33834,35384,1
33834,35502,1
33834,35978,1
33835,33901,1
33835,34955,1
33835,35009,1
33835,35143,1
33835,35240,1
33835,35264,1
33835,35376,1
33835,35384,1
33835,35416,1
33835,35588,1
33835,35917,1
33835,36488,1
33836,33901,1
33836,33931,1
33836,34961,1
33836,35152,1
33840,33918,1
33840,33965,1
33840,34077,1
33840,34093,1
33840,34097,1
33840,34261,1
33840,34298,1
33840,34327,1
33840,34619,1
33840,34700,1
33840,34713,1
33840,34733,1
33840,34737,1
33840,34763,1
33840,34955,3
33840,34960,1
33840,35009,1
33840,35010,1
33840,35022,1
33840,35029,2
33840,35078,1
33840,35111,1
33840,35145,1
33840,35172,1
33840,35178,1
33840,35209,1
33840,35240,1
33840,35245,1
33840,35250,1
33840,35251,1
33840,35264,1
33840,35281,1
33840,35293,1
33840,35325,1
33840,35358,1
33840,35376,1
33840,35377,1
33840,35410,1
33840,35517,2
33840,35524,2
33840,35588,2
33840,35629,1
33840,35724,1
33840,35749,1
33840,35781,1
33840,35783,1
33840,35785,1
33840,35937,1
33840,36289,1
33840,36328,1
33840,36430,1
33840,36474,1
33840,36515,1
33840,36519,1
33841,33901,1
33841,35168,1
33841,35588,1
33842,34117,1
33843,33851,1
33843,34174,1
33843,34212,1
33843,34344,1
33843,34553,1
33843,34713,1
33843,34955,1
33843,34978,1
33843,35034,1
33843,35117,1
33843,35123,1
33843,35125,1
33843,35172,1
33843,35250,1
33843,35353,1
33843,35392,1
33843,35915,1
33843,36247,1
33843,36476,1
33844,34090,1
33844,34713,1
33844,34955,1
33844,34961,1
33844,34982,1
33844,35152,1
33844,35238,1
33844,35264,1
33844,35376,1
33844,35406,1
33844,35856,1
33844,35875,1
33844,36128,1
33848,33860,1
33848,34742,1
33848,35279,1
33849,33882,1
33849,33901,2
33849,33917,1
33849,33923,1
33849,33930,1
33849,33933,1
33849,34601,1
33849,34697,1
33849,34713,1
33849,34779,1
33849,34955,1
33849,35173,1
33849,35245,1
33849,35376,1
33849,35384,1
33849,35502,1
33849,35978,1
33851,34212,1
33851,34553,1
33851,34713,1
33851,34978,1
33851,35123,1
33851,35250,1
33860,34037,1
33860,34308,1
33860,34742,1
33860,34955,1
33860,35030,1
33860,35075,1
33860,35102,1
33860,35174,1
33860,35279,1
33860,35282,1
33860,35350,1
33860,35449,1
33860,35946,1
33861,33965,1
33861,34066,1
33861,34318,1
33861,35279,1
33861,35412,1
33861,35588,1
33861,36463,1
33861,36469,1
33862,34212,1
33862,34955,1
33862,35376,1
33862,35410,1
33862,36362,1
33864,33880,1
33864,33901,1
33864,34037,1
33864,34041,1
33864,34066,1
33864,34097,1
33864,34101,1
33864,34287,1
33864,34357,1
33864,34512,1
33864,34529,1
33864,34536,1
33864,34565,1
33864,34955,1
33864,35010,1
33864,35061,1
33864,35098,1
33864,35102,1
33864,35168,1
33864,35259,1
33864,35376,2
33864,35404,1
33864,35923,1
33868,34404,1
33868,35143,1
33868,35224,1
33868,35286,1
33868,35376,1
33868,35380,1
33868,35454,1
33870,34984,1
33870,35169,1
33871,33941,1
33871,34218,1
33871,34735,1
33871,34747,1
33871,34757,1
33871,34959,1
33871,35264,1
33871,35290,1
33871,35376,1
33871,35404,1
33871,35412,1
33871,35420,1
33871,35897,1
33871,36404,1
33871,36488,1
33875,33901,1
33875,33908,1
33875,34713,1
33875,34725,1
33875,34742,1
33875,34955,1
33875,34998,1
33875,35002,1
33875,35068,1
33875,35132,1
33875,35245,1
33875,35283,1
33875,35786,1
33875,35875,1
33875,36327,1
33880,33901,2
33880,34041,1
33880,34066,1
33880,34095,1
33880,34273,1
33880,34287,1
33880,34343,1
33880,34357,1
33880,34529,1
33880,34536,1
33880,34713,1
33880,34955,1
33880,34978,1
33880,35009,1
33880,35010,2
33880,35061,1
33880,35068,1
33880,35102,2
33880,35161,1
33880,35259,1
33880,35261,1
33880,35264,1
33880,35273,1
33880,35282,1
33880,35297,1
33880,35369,1
33880,35376,1
33880,35380,1
33880,35384,1
33880,35385,1
33880,35404,1
33880,35427,1
33880,35450,1
33880,35918,1
33880,35936,1
33880,35964,1
33880,36061,1
33880,36446,1
33881,34971,1
33881,35856,1
33881,35935,1
33882,33901,1
33882,33917,1
33882,34601,1
33882,34713,1
33882,35173,1
33882,35384,1
33882,35502,1
33882,35978,1
33886,33925,1
33886,34298,1
33886,34802,1
33886,35009,1
33886,35096,1
33886,35243,1
33886,35282,1
33886,35937,1
33886,35969,1
33901,33902,1
33901,33908,2
33901,33913,1
33901,33917,1
33901,33923,1
33901,33930,1
33901,33931,1
33901,33933,1
33901,33944,1
33901,33965,2
33901,34009,1
33901,34018,1
33901,34029,3
33901,34037,1
33901,34041,2
33901,34042,1
33901,34047,1
33901,34053,1
33901,34065,1
33901,34066,2
33901,34093,1
33901,34095,1
33901,34101,1
33901,34134,1
33901,34161,1
33901,34184,1
33901,34230,2
33901,34240,1
33901,34251,1
33901,34256,2
33901,34271,1
33901,34272,1
33901,34273,1
33901,34279,1
33901,34282,1
33901,34286,2
33901,34287,2
33901,34298,5
33901,34308,1
33901,34319,1
33901,34329,1
33901,34343,1
33901,34344,1
33901,34353,1
33901,34357,1
33901,34358,1
33901,34366,2
33901,34373,1
33901,34375,1
33901,34380,1
33901,34382,1
33901,34407,1
33901,34431,1
33901,34435,1
33901,34454,1
33901,34461,1
33901,34507,1
33901,34529,1
33901,34536,2
33901,34575,1
33901,34583,1
33901,34585,1
33901,34590,1
33901,34600,1
33901,34601,1
33901,34603,1
33901,34607,1
33901,34608,1
33901,34614,1
33901,34622,1
33901,34634,2
33901,34647,1
33901,34697,1
33901,34713,8
33901,34719,1
33901,34725,2
33901,34728,2
33901,34742,2
33901,34746,1
33901,34750,1
33901,34768,1
33901,34776,1
33901,34779,1
33901,34786,1
33901,34794,2
33901,34802,1
33901,34955,22
33901,34956,1
33901,34958,1
33901,34961,3
33901,34968,1
33901,34978,1
33901,34998,1
33901,35001,1
33901,35002,1
33901,35004,2
33901,35009,3
33901,35010,4
33901,35026,1
33901,35030,1
33901,35050,1
33901,35061,1
33901,35067,1
33901,35068,3
33901,35082,1
33901,35087,1
33901,35096,1
33901,35102,7
33901,35121,1
33901,35132,1
33901,35143,1
33901,35152,1
33901,35161,1
33901,35168,2
33901,35173,1
33901,35178,3
33901,35228,1
33901,35234,1
33901,35236,1
33901,35239,1
33901,35240,1
33901,35245,4
33901,35250,2
33901,35259,1
33901,35261,2
33901,35264,6
33901,35266,1
33901,35267,1
33901,35273,1
33901,35279,3
33901,35282,2
33901,35283,2
33901,35285,1
33901,35286,1
33901,35289,1
33901,35297,1
33901,35325,1
33901,35350,1
33901,35358,1
33901,35359,1
33901,35360,1
33901,35362,1
33901,35364,1
33901,35368,2
33901,35369,1
33901,35376,13
33901,35378,1
33901,35380,3
33901,35381,1
33901,35384,9
33901,35385,1
33901,35395,2
33901,35404,4
33901,35407,1
33901,35412,2
33901,35414,1
33901,35416,2
33901,35418,2
33901,35420,1
33901,35422,1
33901,35425,1
33901,35427,1
33901,35436,1
33901,35442,1
33901,35445,1
33901,35447,1
33901,35449,1
33901,35450,3
33901,35458,1
33901,35460,1
33901,35461,1
33901,35465,2
33901,35478,2
33901,35482,1
33901,35496,1
33901,35500,1
33901,35502,1
33901,35514,1
33901,35524,1
33901,35532,3
33901,35534,2
33901,35545,2
33901,35557,1
33901,35565,1
33901,35588,4
33901,35627,1
33901,35629,1
33901,35645,1
33901,35656,1
33901,35686,1
33901,35776,1
33901,35781,1
33901,35786,1
33901,35797,1
33901,35808,1
33901,35820,1
33901,35837,1
33901,35841,1
33901,35873,1
33901,35875,1
33901,35912,1
33901,35915,2
33901,35917,1
33901,35918,1
33901,35931,2
33901,35936,1
33901,35937,4
33901,35942,1
33901,35953,1
33901,35964,1
33901,35973,1
33901,35978,1
33901,36001,1
33901,36037,1
33901,36050,1
33901,36061,1
33901,36065,1
33901,36128,1
33901,36241,1
33901,36327,1
33901,36329,1
33901,36356,1
33901,36377,1
33901,36383,1
33901,36399,1
33901,36425,1
33901,36430,1
33901,36446,1
33901,36459,2
33901,36462,1
33901,36471,1
33901,36482,1
33901,36484,1
33901,36488,2
33901,36503,1
33902,34093,1
33902,35003,1
33902,35465,1
33902,36428,1
33903,34161,1
33903,34768,1
33903,34955,1
33903,35020,1
33903,35102,1
33903,35384,1
33903,35588,1
33903,35638,1
33903,36452,1
33903,36488,1
33908,33910,1
33908,33929,1
33908,34101,1
33908,34713,2
33908,34724,1
33908,34725,1
33908,34728,1
33908,34742,1
33908,34763,1
33908,34955,1
33908,34998,1
33908,35002,1
33908,35068,1
33908,35132,1
33908,35245,1
33908,35283,1
33908,35359,1
33908,35376,1
33908,35380,1
33908,35412,1
33908,35483,1
33908,35786,1
33908,35841,1
33908,35875,1
33908,35937,1
33908,36257,1
33908,36327,1
33908,36484,1
33909,34187,1
33909,34887,1
33909,35093,1
33909,35330,1
33909,35392,1
33910,33922,1
33910,33929,1
33910,34294,1
33910,34314,1
33910,34395,1
33910,34713,1
33910,34724,1
33910,34763,1
33910,34955,1
33910,35162,1
33910,35178,1
33910,35371,1
33910,35376,2
33910,35418,1
33910,35442,1
33910,35449,1
33910,35483,1
33910,35788,1
33910,35792,1
33910,36179,1
33910,36241,1
33910,36257,1
33912,33953,1
33912,34998,1
33912,35376,1
33912,35588,1
33912,35629,1
33912,36059,1
33912,36061,1
33912,36328,1
33913,33965,1
33913,34272,1
33913,34719,1
33913,34750,1
33913,34955,1
33913,34975,1
33913,34990,1
33913,35001,1
33913,35102,1
33913,35781,1
33913,35820,1
33913,36065,1
33913,36476,1
33917,34601,1
33917,34713,1
33917,35173,1
33917,35384,1
33917,35502,1
33917,35978,1
33918,34093,1
33918,34326,1
33918,35178,1
33918,35240,1
33918,35325,1
33918,35410,1
33918,35557,1
33918,35588,1
33918,35749,1
33918,35781,1
33918,36328,1
33922,34250,1
33922,34955,1
33922,35259,1
33922,35277,1
33922,35288,1
33922,35418,1
33922,35837,1
33923,33930,1
33923,33933,1
33923,34041,1
33923,34625,1
33923,34697,1
33923,34779,1
33923,34955,1
33923,35245,1
33923,35376,1
33923,35498,1
33923,35641,1
33923,35712,1
33925,34166,1
33925,34180,1
33925,34298,1
33925,34363,1
33925,34719,1
33925,34747,1
33925,34802,1
33925,34955,1
33925,34992,1
33925,35009,1
33925,35062,1
33925,35096,1
33925,35116,1
33925,35133,1
33925,35162,1
33925,35243,1
33925,35282,1
33925,35300,1
33925,35404,1
33925,35412,1
33925,35420,1
33925,35937,1
33925,35969,1
33925,36253,1
33925,36371,1
33929,34724,1
33929,34763,1
33929,34955,1
33929,35064,1
33929,35078,1
33929,35376,2
33929,35449,1
33929,35483,2
33929,36257,1
33929,36310,1
33929,36319,1
33930,33933,1
33930,34036,1
33930,34180,1
33930,34236,1
33930,34375,1
33930,34577,1
33930,34697,1
33930,34779,1
33930,34955,2
33930,35102,1
33930,35245,1
33930,35376,1
33930,35388,1
33931,34961,1
33931,35152,1
33933,34697,1
33933,34779,1
33933,34955,1
33933,35245,1
33933,35376,1
33935,34148,1
33935,35376,1
33935,36276,1
33937,34029,1
33937,34053,1
33937,34461,1
33937,34634,1
33937,34955,1
33937,34956,1
33937,35102,1
33937,35261,1
33937,35264,1
33937,35365,1
33937,35377,1
33937,35454,1
33937,35557,1
33937,35941,1
33941,33953,1
33941,34041,1
33941,34218,1
33941,34284,1
33941,34461,1
33941,34603,1
33941,34650,1
33941,34735,1
33941,34747,1
33941,34757,1
33941,34779,1
33941,34887,2
33941,34955,2
33941,34959,1
33941,34960,1
33941,34984,1
33941,35002,1
33941,35025,1
33941,35125,1
33941,35178,1
33941,35240,1
33941,35264,1
33941,35289,1
33941,35290,1
33941,35376,1
33941,35404,1
33941,35412,1
33941,35420,1
33941,35450,1
33941,35478,1
33941,35530,1
33941,35694,1
33941,35897,1
33941,36404,1
33941,36425,1
33941,36459,1
33941,36471,1
33941,36488,2
33941,36502,1
33943,35277,1
33944,34066,1
33944,34373,1
33944,34768,1
33944,34776,1
33944,35096,1
33944,35285,1
33944,35362,1
33944,35384,1
33944,35545,1
33944,35937,1
33944,36399,1
33945,33965,1
33945,34045,1
33945,34395,1
33945,34507,1
33945,34718,1
33945,34748,1
33945,34955,1
33945,35002,1
33945,35237,1
33945,35376,1
33945,35545,1
33945,35572,1
33945,35629,1
33945,36484,1
33949,34720,1
33949,35974,1
33949,35976,1
33953,34041,1
33953,34270,1
33953,34284,1
33953,34313,1
33953,34359,1
33953,34575,1
33953,34603,1
33953,34643,1
33953,34648,1
33953,34751,1
33953,34887,1
33953,34955,2
33953,34960,1
33953,34998,1
33953,35025,1
33953,35064,1
33953,35068,1
33953,35125,1
33953,35169,1
33953,35250,1
33953,35253,1
33953,35259,1
33953,35264,2
33953,35267,1
33953,35305,1
33953,35376,1
33953,35424,1
33953,35450,1
33953,35454,1
33953,35588,1
33953,35694,1
33953,35696,1
33953,35716,1
33953,36059,1
33953,36281,1
33953,36459,1
33965,34045,1
33965,34066,1
33965,34097,1
33965,34161,1
33965,34251,1
33965,34272,1
33965,34298,1
33965,34318,1
33965,34395,1
33965,34431,1
33965,34461,1
33965,34507,1
33965,34512,1
33965,34619,1
33965,34664,1
33965,34700,1
33965,34713,2
33965,34718,1
33965,34748,1
33965,34763,1
33965,34887,1
33965,34955,4
33965,35001,1
33965,35002,1
33965,35009,2
33965,35022,1
33965,35102,1
33965,35145,1
33965,35178,1
33965,35213,1
33965,35237,1
33965,35245,1
33965,35279,1
33965,35293,1
33965,35376,1
33965,35377,1
33965,35404,1
33965,35412,1
33965,35458,1
33965,35517,1
33965,35545,1
33965,35572,1
33965,35588,2
33965,35629,2
33965,35781,1
33965,35820,1
33965,35937,1
33965,36065,1
33965,36289,1
33965,36459,1
33965,36463,1
33965,36469,1
33965,36484,1
33965,36515,1
33970,34957,1
33970,35180,1
33970,35627,1
33970,35635,1
33970,36375,1
33987,34735,1
33987,35172,1
33987,35297,1
33987,35369,1
33987,35588,1
34009,34802,1
34009,35422,1
34009,35973,1
34009,36307,1
34012,35009,1
34012,36310,1
34014,35131,1
34014,35557,1
34014,36340,1
34017,34171,1
34017,34298,1
34017,34713,1
34017,34955,1
34017,35295,1
34017,35358,1
34017,35376,1
34017,35412,1
34018,34358,1
34018,34955,1
34018,34958,1
34018,34961,1
34018,35121,1
34018,35915,1
34018,36377,1
34020,34087,1
34020,34742,1
34020,34745,1
34020,35242,1
34020,35449,1
34025,34391,1
34025,34750,1
34025,35424,1
34025,36310,1
34029,34035,1
34029,34053,1
34029,34101,1
34029,34117,1
34029,34179,1
34029,34191,1
34029,34198,1
34029,34249,1
34029,34286,1
34029,34298,1
34029,34380,1
34029,34435,1
34029,34454,1
34029,34461,1
34029,34480,1
34029,34536,2
34029,34585,1
34029,34590,1
34029,34634,1
34029,34955,6
34029,34956,1
34029,34961,1
34029,34979,1
34029,34990,1
34029,35033,1
34029,35102,1
34029,35111,1
34029,35123,1
34029,35161,1
34029,35162,1
34029,35232,1
34029,35261,2
34029,35264,3
34029,35266,1
34029,35279,1
34029,35282,1
34029,35290,1
34029,35360,1
34029,35365,1
34029,35368,1
34029,35376,2
34029,35377,1
34029,35392,1
34029,35395,1
34029,35418,1
34029,35425,1
34029,35445,1
34029,35449,1
34029,35454,1
34029,35461,1
34029,35465,1
34029,35481,1
34029,35532,1
34029,35534,1
34029,35545,1
34029,35557,1
34029,35629,2
34029,35638,1
34029,35656,1
34029,35716,1
34029,35913,1
34029,35915,1
34029,35925,1
34029,35945,1
34029,35973,1
34029,35991,1
34029,36001,2
34029,36320,1
34029,36329,1
34029,36378,1
34029,36425,1
34029,36488,1
34034,34079,1
34034,34313,1
34034,34515,1
34034,34587,1
34034,34615,1
34034,35030,1
34034,35243,1
34034,35282,1
34034,35283,1
34034,35376,1
34034,35506,1
34034,35524,1
34034,35548,1
34034,35687,1
34034,35869,1
34034,35973,1
34034,36484,1
34035,34101,1
34035,34536,1
34035,34890,1
34035,34955,1
34035,34961,1
34035,34990,1
34035,35123,1
34035,35232,1
34035,35271,1
34035,35290,1
34035,35716,1
34035,35991,1
34035,36320,1
34035,36421,1
34036,34212,1
34036,34215,1
34036,34615,1
34036,35140,1
34037,34097,1
34037,34101,1
34037,34256,1
34037,34308,1
34037,34512,1
34037,34634,1
34037,34955,2
34037,35030,1
34037,35075,1
34037,35098,1
34037,35102,1
34037,35168,2
34037,35174,1
34037,35264,1
34037,35282,1
34037,35350,1
34037,35376,1
34037,35384,1
34037,35418,1
34037,35449,1
34037,35776,1
34037,35923,1
34037,35931,1
34037,35946,1
34041,34066,2
34041,34101,1
34041,34287,1
34041,34308,1
34041,34314,1
34041,34315,1
34041,34357,1
34041,34359,1
34041,34375,1
34041,34502,1
34041,34527,1
34041,34529,1
34041,34536,2
34041,34603,1
34041,34625,1
34041,34643,1
34041,34648,1
34041,34677,1
34041,34760,1
34041,34779,1
34041,34887,1
34041,34955,5
34041,34984,1
34041,35009,2
34041,35010,1
34041,35061,1
34041,35068,2
34041,35079,1
34041,35102,1
34041,35162,1
34041,35168,1
34041,35240,1
34041,35246,1
34041,35251,1
34041,35257,1
34041,35259,1
34041,35264,1
34041,35305,1
34041,35330,1
34041,35350,1
34041,35376,3
34041,35380,1
34041,35404,1
34041,35407,1
34041,35412,1
34041,35416,1
34041,35424,1
34041,35447,1
34041,35450,1
34041,35455,1
34041,35498,1
34041,35524,1
34041,35588,2
34041,35629,1
34041,35641,1
34041,35696,1
34041,35712,1
34041,35716,1
34041,35777,1
34041,35788,1
34041,36000,1
34041,36128,1
34041,36266,1
34041,36311,1
34041,36426,1
34041,36459,1
34041,36471,1
34041,36488,2
34042,34647,1
34042,34746,1
34042,34955,1
34042,35010,1
34042,35245,1
34042,35376,1
34042,35384,1
34042,35404,1
34042,35449,1
34042,35465,1
34042,35534,1
34042,35808,1
34042,36050,1
34043,34097,1
34043,34138,1
34043,35145,1
34043,35416,1
34045,34395,1
34045,34507,1
34045,34718,1
34045,34748,1
34045,34955,2
34045,35002,1
34045,35075,1
34045,35237,1
34045,35261,1
34045,35376,1
34045,35545,1
34045,35572,1
34045,35629,1
34045,36484,1
34047,34435,1
34047,34956,1
34047,35234,1
34047,35937,1
34053,34366,1
34053,34461,1
34053,34634,1
34053,34955,1
34053,34956,1
34053,35102,1
34053,35261,1
34053,35264,1
34053,35365,1
34053,35377,1
34053,35384,1
34053,35447,1
34053,35454,1
34053,35557,1
34053,36471,1
34061,34683,1
34061,34742,1
34061,35036,1
34061,35050,1
34061,35123,1
34061,35376,1
34061,36375,1
34065,34725,1
34065,34955,1
34065,35102,1
34065,35236,1
34065,35404,1
34065,36462,1
34066,34287,1
34066,34298,1
34066,34318,1
34066,34357,1
34066,34373,1
34066,34527,1
34066,34529,1
34066,34536,1
34066,34614,1
34066,34760,1
34066,34768,1
34066,34776,1
34066,34955,2
34066,35010,1
34066,35038,1
34066,35061,1
34066,35096,1
34066,35102,2
34066,35133,1
34066,35209,1
34066,35259,1
34066,35274,1
34066,35279,1
34066,35285,1
34066,35289,1
34066,35362,1
34066,35376,1
34066,35380,1
34066,35384,1
34066,35404,1
34066,35407,1
34066,35412,1
34066,35420,1
34066,35447,1
34066,35453,1
34066,35524,1
34066,35545,1
34066,35588,1
34066,35749,1
34066,35788,1
34066,35860,1
34066,35937,1
34066,36001,1
34066,36266,1
34066,36378,1
34066,36399,1
34066,36459,1
34066,36463,1
34066,36469,1
34066,36488,1
34077,34737,1
34077,36430,1
34079,34313,1
34079,34615,1
34079,35283,1
34079,35376,1
34079,35506,1
34079,35524,1
34079,35869,1
34079,36484,1
34080,34495,1
34080,34536,1
34080,34713,1
34080,35061,1
34080,35102,1
34080,35133,1
34080,35146,1
34080,35384,1
34080,36059,1
34088,35008,1
34088,36276,1
34090,34713,1
34090,34955,1
34090,34961,1
34090,35152,1
34090,35238,1
34090,35264,1
34090,35376,1
34090,35406,1
34090,36128,1
34093,35178,1
34093,35240,1
34093,35325,1
34093,35410,1
34093,35465,1
34093,35588,1
34093,35749,1
34093,35781,1
34093,36328,1
34095,34273,1
34095,34343,1
34095,34713,1
34095,34978,1
34095,35009,1
34095,35010,1
34095,35068,1
34095,35102,1
34095,35161,1
34095,35261,1
34095,35264,1
34095,35273,1
34095,35282,1
34095,35297,1
34095,35369,1
34095,35380,1
34095,35384,1
34095,35385,1
34095,35427,1
34095,35450,1
34095,35918,1
34095,35936,1
34095,35964,1
34095,36061,1
34095,36446,1
34097,34101,1
34097,34138,1
34097,34298,1
34097,34512,1
34097,34619,1
34097,34700,1
34097,34713,1
34097,34763,1
34097,34955,2
34097,35009,1
34097,35022,1
34097,35098,1
34097,35145,1
34097,35168,1
34097,35245,1
34097,35293,1
34097,35376,1
34097,35377,1
34097,35416,1
34097,35517,1
34097,35588,1
34097,35629,1
34097,35638,1
34097,35923,1
34097,35937,1
34097,36289,1
34097,36319,1
34097,36431,1
34097,36515,1
34101,34161,1
34101,34188,1
34101,34308,1
34101,34314,1
34101,34391,1
34101,34512,1
34101,34536,1
34101,34603,1
34101,34713,1
34101,34728,1
34101,34750,2
34101,34955,2
34101,34961,1
34101,34990,1
34101,35002,1
34101,35068,2
34101,35098,1
34101,35123,1
34101,35145,1
34101,35162,1
34101,35168,3
34101,35169,2
34101,35232,1
34101,35246,1
34101,35251,1
34101,35257,1
34101,35290,1
34101,35359,1
34101,35376,3
34101,35380,1
34101,35412,2
34101,35455,1
34101,35588,1
34101,35716,1
34101,35777,1
34101,35841,1
34101,35875,1
34101,35923,1
34101,35937,1
34101,35963,1
34101,35991,1
34101,36000,1
34101,36319,1
34101,36320,1
34101,36426,1
34101,36484,1
34117,34198,1
34117,34955,2
34117,34979,1
34117,35264,1
34117,35384,1
34117,35460,1
34117,35588,1
34117,35913,1
34117,35925,1
34117,36001,1
34117,36457,1
34118,34291,1
34118,34719,1
34118,35149,1
34118,35369,1
34118,35376,1
34118,35458,1
34118,35529,1
34118,36251,1
34118,36266,1
34121,34713,1
34121,34728,1
34121,34735,1
34121,34763,1
34121,34990,1
34121,35009,1
34121,35168,1
34121,35169,1
34121,35172,1
34121,35261,1
34121,35264,1
34121,35384,1
34121,36516,1
34125,35376,1
34134,34184,1
34134,34253,1
34134,34525,1
34134,34719,1
34134,35028,1
34134,35279,1
34134,35285,1
34134,35350,1
34134,35442,1
34134,35500,1
34134,35565,1
34134,35957,1
34134,36429,1
34134,36476,1
34138,34263,1
34138,34461,1
34138,34507,1
34138,35145,1
34138,35232,1
34138,35409,1
34138,35416,1
34138,35829,1
34138,36484,1
34141,34333,1
34141,34404,1
34141,34759,1
34141,34761,1
34141,35410,1
34148,34375,1
34148,35376,1
34154,34287,1
34154,36322,1
34161,34251,1
34161,34431,1
34161,34461,1
34161,34713,1
34161,34750,1
34161,34768,1
34161,34955,1
34161,35020,1
34161,35068,1
34161,35102,1
34161,35145,1
34161,35169,1
34161,35178,1
34161,35246,1
34161,35250,1
34161,35384,1
34161,35458,1
34161,35588,1
34161,35638,1
34161,35963,1
34161,36452,1
34161,36459,1
34161,36488,1
34164,34331,1
34164,34681,1
34164,34727,1
34164,34955,1
34164,35009,1
34164,35074,1
34164,35098,1
34164,35157,1
34164,35264,1
34164,35442,1
34164,35449,1
34164,36030,1
34164,36277,1
34164,36404,1
34166,34180,1
34166,34363,1
34166,34719,1
34166,34747,1
34166,34992,1
34166,35062,1
34166,35116,1
34166,35300,1
34166,35404,1
34166,35412,1
34171,34196,1
34171,34298,1
34171,34713,1
34171,34955,2
34171,35102,1
34171,35159,1
34171,35175,1
34171,35259,1
34171,35295,1
34171,35358,1
34171,35369,1
34171,35376,1
34171,35412,1
34171,35546,1
34171,35733,1
34171,35978,1
34174,34955,1
34174,35117,1
34174,35125,1
34174,35172,1
34174,35353,1
34174,35392,1
34177,34181,1
34177,34357,1
34177,34786,1
34177,35074,1
34177,35125,1
34179,34480,1
34179,35033,1
34179,35111,1
34179,35481,1
34179,35629,1
34179,35638,1
34179,36378,1
34180,34236,1
34180,34363,1
34180,34375,1
34180,34577,1
34180,34719,1
34180,34747,1
34180,34955,1
34180,34992,1
34180,35062,1
34180,35102,1
34180,35116,1
34180,35300,1
34180,35388,1
34180,35404,1
34180,35412,1
34181,34357,1
34181,34786,1
34181,35074,2
34181,35125,1
34181,35933,1
34182,35143,1
34182,35245,1
34182,35250,1
34182,35380,1
34182,35404,1
34182,35917,1
34182,35940,1
34182,36271,1
34182,36307,1
34182,36352,1
34184,35279,1
34184,35500,1
34184,35565,1
34187,34887,1
34187,35093,1
34187,35330,1
34187,35392,1
34188,35002,1
34191,34955,1
34191,35161,1
34191,35162,1
34191,35261,1
34191,35376,1
34191,35392,1
34191,35465,1
34191,35545,1
34191,35945,1
34194,34479,1
34194,34742,1
34194,34762,1
34194,35087,1
34196,35102,1
34196,35159,1
34196,35175,1
34196,35259,1
34196,35369,1
34196,35546,1
34196,35733,1
34198,34955,1
34198,34979,1
34198,35264,1
34198,35913,1
34198,35925,1
34198,36001,1
34212,34215,1
34212,34553,1
34212,34615,1
34212,34713,1
34212,34955,1
34212,34978,1
34212,35123,1
34212,35140,1
34212,35250,1
34212,35376,1
34212,35410,1
34212,36362,1
34215,34615,1
34215,35140,1
34218,34735,1
34218,34746,1
34218,34747,1
34218,34757,1
34218,34959,1
34218,35264,1
34218,35290,1
34218,35376,1
34218,35404,1
34218,35412,1
34218,35420,1
34218,35897,1
34218,36404,1
34218,36488,1
34230,34279,1
34230,34287,1
34230,34298,1
34230,34407,1
34230,34735,1
34230,34955,1
34230,35087,1
34230,35267,1
34230,35420,1
34230,35532,1
34230,35557,1
34230,35955,1
34231,35088,1
34231,35483,1
34232,34241,1
34232,34525,1
34232,34724,1
34232,34955,1
34232,35068,1
34232,35087,1
34232,35442,1
34232,35534,1
34236,34375,1
34236,34461,1
34236,34519,1
34236,34577,1
34236,34955,1
34236,35102,1
34236,35388,1
34236,36404,1
34240,35004,1
34240,36430,1
34241,34525,1
34241,34724,1
34241,34955,1
34241,35068,1
34241,35087,1
34241,35442,1
34241,35534,1
34249,35449,1
34250,34281,1
34250,34325,1
34250,34458,1
34250,34955,2
34250,35102,1
34250,35133,1
34250,35259,1
34250,35277,1
34250,35288,1
34250,35404,1
34250,35464,1
34250,35837,1
34250,35937,1
34250,35941,1
34251,34431,1
34251,34461,1
34251,34713,1
34251,35178,1
34251,35458,1
34251,36459,1
34253,34525,1
34253,34719,1
34253,35028,1
34253,35285,1
34253,35350,1
34253,35442,1
34253,35957,1
34253,36429,1
34253,36476,1
34256,34634,1
34256,34955,1
34256,35168,1
34256,35264,1
34256,35376,1
34256,35384,1
34256,35418,1
34256,35776,1
34256,35931,1
34261,34733,1
34261,34960,1
34261,35010,1
34261,35029,1
34261,35111,1
34261,35250,1
34261,35251,1
34261,35281,1
34261,35376,1
34261,35524,1
34261,35783,1
34261,35785,1
34262,34368,1
34262,34507,1
34262,34603,1
34262,35102,1
34262,35557,1
34262,35724,1
34262,36383,1
34263,34461,1
34263,34507,1
34263,35232,1
34263,35409,1
34263,35829,1
34263,36484,1
34270,34955,1
34270,35169,1
34270,35454,1
34271,34298,1
34271,34786,1
34271,34955,1
34271,34968,1
34271,35067,1
34271,35102,1
34271,35264,1
34271,35325,1
34271,35376,1
34271,35384,1
34271,35496,1
34271,35588,1
34272,34955,1
34272,35001,1
34272,35102,1
34272,35781,1
34272,35820,1
34272,36065,1
34273,34343,1
34273,34713,1
34273,34978,1
34273,35009,1
34273,35010,1
34273,35068,1
34273,35102,1
34273,35161,1
34273,35261,1
34273,35264,1
34273,35273,1
34273,35282,1
34273,35285,1
34273,35297,1
34273,35369,1
34273,35380,1
34273,35384,1
34273,35385,1
34273,35427,1
34273,35450,1
34273,35918,1
34273,35936,1
34273,35964,1
34273,36061,1
34273,36446,1
34279,34298,1
34279,34581,1
34279,34955,1
34279,35087,1
34279,35289,1
34279,35532,1
34279,35545,1
34279,35588,1
34279,35629,1
34279,35836,1
34279,36061,1
34281,34325,1
34281,34458,1
34281,34955,1
34281,35102,1
34281,35133,1
34281,35404,1
34281,35464,1
34281,35937,1
34281,35941,1
34284,34603,1
34284,34887,1
34284,34955,1
34284,34960,1
34284,35025,1
34284,35125,1
34284,35450,1
34284,35694,1
34284,36459,1
34286,34298,1
34286,34454,1
34286,34590,1
34286,34955,1
34286,35026,1
34286,35266,1
34286,35279,1
34286,35286,1
34286,35360,1
34286,35364,1
34286,35376,1
34286,35395,1
34286,35532,1
34286,35629,1
34286,35656,1
34286,35973,1
34286,36001,1
34286,36241,1
34287,34357,1
34287,34407,1
34287,34529,1
34287,34536,1
34287,34648,1
34287,34681,1
34287,34955,3
34287,35009,1
34287,35010,1
34287,35050,1
34287,35061,1
34287,35102,1
34287,35245,1
34287,35246,1
34287,35250,1
34287,35259,1
34287,35267,1
34287,35286,1
34287,35376,1
34287,35377,1
34287,35380,1
34287,35393,1
34287,35404,1
34287,35420,1
34287,35557,1
34287,35638,1
34287,35716,1
34287,36322,1
34287,36410,1
34291,34654,1
34291,34719,1
34291,34961,1
34291,35123,1
34291,35149,1
34291,35369,1
34291,35376,1
34291,35384,1
34291,35443,1
34291,35458,1
34291,35529,1
34291,35549,1
34291,36251,1
34291,36266,1
34291,36459,1
34294,34314,1
34294,34395,1
34294,34713,1
34294,34955,1
34294,35162,1
34294,35178,1
34294,35371,1
34294,35442,1
34294,35449,1
34294,35788,1
34294,35792,1
34294,36179,1
34294,36241,1
34297,35369,1
34297,35724,1
34297,35980,1
34298,34319,1
34298,34329,1
34298,34375,1
34298,34382,1
34298,34454,1
34298,34507,1
34298,34575,1
34298,34583,1
34298,34590,1
34298,34619,1
34298,34634,1
34298,34700,1
34298,34713,2
34298,34763,1
34298,34786,1
34298,34802,1
34298,34955,4
34298,34961,1
34298,34968,1
34298,35009,2
34298,35022,1
34298,35050,1
34298,35067,1
34298,35087,1
34298,35096,1
34298,35102,2
34298,35172,1
34298,35178,1
34298,35228,1
34298,35243,1
34298,35245,1
34298,35250,1
34298,35261,1
34298,35264,1
34298,35266,1
34298,35282,1
34298,35289,1
34298,35293,1
34298,35295,1
34298,35325,1
34298,35358,1
34298,35360,1
34298,35376,3
34298,35377,1
34298,35378,1
34298,35380,1
34298,35384,1
34298,35395,1
34298,35412,2
34298,35460,1
34298,35496,1
34298,35517,1
34298,35532,2
34298,35588,2
34298,35629,2
34298,35640,1
34298,35656,1
34298,35837,1
34298,35912,1
34298,35937,3
34298,35942,1
34298,35969,1
34298,35973,1
34298,36001,2
34298,36037,1
34298,36289,1
34298,36356,1
34298,36515,1
34308,34314,1
34308,34353,1
34308,34600,1
34308,34603,1
34308,34607,1
34308,34750,1
34308,34955,3
34308,35030,1
34308,35068,2
34308,35075,1
34308,35102,1
34308,35162,1
34308,35168,1
34308,35174,1
34308,35251,1
34308,35257,1
34308,35264,1
34308,35282,1
34308,35350,1
34308,35376,1
34308,35412,1
34308,35449,1
34308,35455,1
34308,35478,1
34308,35532,1
34308,35588,1
34308,35777,1
34308,35946,1
34308,36000,1
34308,36426,1
34313,34615,1
34313,34751,1
34313,35064,1
34313,35253,1
34313,35264,1
34313,35267,1
34313,35283,1
34313,35376,1
34313,35506,1
34313,35524,1
34313,35869,1
34313,36484,1
34314,34395,1
34314,34603,1
34314,34713,1
34314,34955,2
34314,35068,1
34314,35162,2
34314,35168,1
34314,35178,1
34314,35251,1
34314,35257,1
34314,35371,1
34314,35376,1
34314,35412,1
34314,35442,1
34314,35449,1
34314,35455,1
34314,35588,1
34314,35777,1
34314,35788,1
34314,35792,1
34314,36000,1
34314,36179,1
34314,36241,1
34314,36426,1
34315,34375,1
34315,34502,1
34315,34536,1
34315,34677,1
34315,34955,1
34315,35079,1
34315,35246,1
34315,35330,1
34315,35629,1
34315,35716,1
34315,36311,1
34318,35279,1
34318,35412,1
34318,35588,1
34318,36463,1
34318,36469,1
34319,34329,1
34319,34375,1
34319,34382,1
34319,34507,1
34319,34634,1
34319,35228,1
34319,35378,1
34319,35412,1
34319,35460,1
34319,35912,1
34319,35937,1
34319,36356,1
34325,34458,1
34325,34955,1
34325,35102,1
34325,35133,1
34325,35404,1
34325,35464,1
34325,35937,1
34325,35941,1
34326,35557,1
34327,34955,1
34327,35078,1
34327,35172,1
34327,35209,1
34327,35264,1
34327,36519,1
34329,34375,1
34329,34382,1
34329,34507,1
34329,34634,1
34329,35228,1
34329,35378,1
34329,35412,1
34329,35460,1
34329,35912,1
34329,35937,1
34329,36356,1
34331,34681,1
34331,34727,1
34331,34955,1
34331,35009,1
34331,35157,1
34331,35442,1
34331,36030,1
34331,36277,1
34331,36404,1
34333,34404,1
34333,34759,1
34333,34761,1
34333,35410,1
34342,34613,1
34342,35170,1
34343,34713,1
34343,34978,1
34343,35009,1
34343,35010,1
34343,35068,1
34343,35102,1
34343,35161,1
34343,35261,1
34343,35264,1
34343,35273,1
34343,35282,1
34343,35297,1
34343,35369,1
34343,35380,1
34343,35384,1
34343,35385,1
34343,35427,1
34343,35450,1
34343,35918,1
34343,35936,1
34343,35964,1
34343,36061,1
34343,36446,1
34344,34741,1
34344,34802,1
34344,35034,1
34344,35102,1
34344,35239,1
34344,35250,1
34344,35300,1
34344,35376,1
34344,35381,1
34344,35915,1
34344,36247,1
34344,36402,1
34344,36471,1
34344,36476,1
34353,34600,1
34353,34607,1
34353,34750,1
34353,34955,1
34353,35068,1
34353,35264,1
34353,35478,1
34353,35532,1
34357,34529,1
34357,34536,1
34357,34786,1
34357,34955,1
34357,35010,1
34357,35061,1
34357,35074,1
34357,35102,1
34357,35125,1
34357,35259,1
34357,35376,1
34357,35404,1
34358,34955,1
34358,34958,1
34358,34961,1
34358,35121,1
34358,35915,1
34358,36377,1
34359,34643,1
34359,34648,1
34359,35068,1
34359,35264,1
34359,35305,1
34359,35424,1
34359,35696,1
34362,34969,1
34362,35209,1
34362,36344,1
34363,34719,1
34363,34747,1
34363,34992,1
34363,35062,1
34363,35116,1
34363,35300,1
34363,35404,1
34363,35412,1
34366,34614,1
34366,34955,1
34366,35010,1
34366,35030,1
34366,35283,1
34366,35384,1
34366,35395,1
34366,35447,1
34366,35478,1
34366,35937,1
34366,36471,1
34368,34507,1
34368,34603,1
34368,35102,1
34368,35557,1
34368,35724,1
34368,36383,1
34369,35083,1
34369,35247,1
34369,35376,1
34369,35633,1
34373,34768,1
34373,34776,1
34373,35096,1
34373,35285,1
34373,35362,1
34373,35384,1
34373,35545,1
34373,35937,1
34373,36399,1
34375,34382,1
34375,34502,1
34375,34507,1
34375,34536,1
34375,34577,1
34375,34634,1
34375,34677,1
34375,34955,2
34375,35079,1
34375,35102,1
34375,35228,1
34375,35246,1
34375,35330,1
34375,35376,1
34375,35378,1
34375,35388,1
34375,35412,1
34375,35460,1
34375,35629,1
34375,35716,1
34375,35912,1
34375,35937,1
34375,36311,1
34375,36356,1
34376,35588,1
34380,34435,1
34380,34536,1
34380,34955,1
34380,35264,1
34380,35279,1
34380,35282,1
34380,35425,1
34380,35445,1
34380,35461,1
34380,35534,1
34380,35915,1
34380,36329,1
34380,36425,1
34380,36488,1
34382,34507,1
34382,34634,1
34382,35228,1
34382,35378,1
34382,35412,1
34382,35460,1
34382,35912,1
34382,35937,1
34382,36356,1
34383,36319,1
34391,34750,2
34391,35171,1
34391,35290,1
34391,35362,1
34391,35376,1
34391,35424,1
34391,35464,1
34391,35488,1
34391,35534,1
34391,35588,1
34391,35959,1
34391,36279,1
34391,36310,1
34391,36319,1
34395,34456,1
34395,34507,1
34395,34713,2
34395,34718,1
34395,34748,1
34395,34955,2
34395,35000,1
34395,35002,1
34395,35162,1
34395,35178,1
34395,35237,1
34395,35274,1
34395,35371,1
34395,35376,1
34395,35442,1
34395,35449,1
34395,35535,1
34395,35545,1
34395,35572,1
34395,35629,1
34395,35788,1
34395,35792,1
34395,36179,1
34395,36241,1
34395,36484,1
34404,34759,1
34404,34761,1
34404,35143,1
34404,35224,1
34404,35286,1
34404,35376,1
34404,35380,1
34404,35410,1
34404,35454,1
34407,34955,1
34407,35267,1
34407,35420,1
34407,35557,1
34413,34481,1
34413,35080,1
34418,35162,1
34418,35376,1
34431,34461,1
34431,34713,1
34431,34955,1
34431,35178,1
34431,35458,1
34431,36295,1
34431,36310,1
34431,36329,1
34431,36393,1
34431,36452,1
34431,36459,1
34435,34536,1
34435,34955,1
34435,35264,1
34435,35279,1
34435,35282,1
34435,35425,1
34435,35445,1
34435,35461,1
34435,35534,1
34435,35915,1
34435,35937,1
34435,36329,1
34435,36425,1
34435,36488,1
34452,36336,1
34454,34590,1
34454,35266,1
34454,35360,1
34454,35376,1
34454,35395,1
34454,35532,1
34454,35629,1
34454,35656,1
34454,35973,1
34454,36001,1
34456,34713,1
34456,35000,1
34456,35274,1
34456,35535,1
34458,34955,1
34458,35102,1
34458,35133,1
34458,35404,1
34458,35464,1
34458,35937,1
34458,35941,1
34461,34507,1
34461,34519,1
34461,34634,1
34461,34650,1
34461,34713,1
34461,34955,2
34461,34956,1
34461,35102,1
34461,35178,2
34461,35232,1
34461,35261,1
34461,35264,1
34461,35289,1
34461,35365,1
34461,35377,1
34461,35409,1
34461,35454,1
34461,35458,1
34461,35478,1
34461,35530,1
34461,35557,1
34461,35829,1
34461,36404,1
34461,36459,1
34461,36484,1
34461,36488,1
34461,36502,1
34479,34742,1
34479,34762,1
34479,35087,1
34480,35033,1
34480,35111,1
34480,35481,1
34480,35629,1
34480,35638,1
34480,36378,1
34481,35080,1
34495,34536,1
34495,34713,1
34495,35061,1
34495,35102,1
34495,35133,1
34495,35146,1
34495,35384,1
34495,36059,1
34502,34536,1
34502,34677,1
34502,34955,1
34502,35079,1
34502,35246,1
34502,35330,1
34502,35629,1
34502,35716,1
34502,36311,1
34504,36313,1
34507,34603,1
34507,34634,1
34507,34718,1
34507,34748,1
34507,34955,1
34507,35002,1
34507,35102,1
34507,35228,1
34507,35232,1
34507,35237,1
34507,35376,1
34507,35378,1
34507,35409,1
34507,35412,1
34507,35460,1
34507,35545,1
34507,35557,1
34507,35572,1
34507,35629,1
34507,35724,1
34507,35829,1
34507,35912,1
34507,35937,1
34507,36356,1
34507,36383,1
34507,36484,2
34512,34664,1
34512,34887,1
34512,35098,1
34512,35168,1
34512,35213,1
34512,35376,1
34512,35404,1
34512,35923,1
34513,35009,1
34513,35369,1
34513,36438,1
34515,35243,1
34515,35687,1
34519,36404,1
34524,34802,1
34524,35007,1
34524,35150,1
34524,35497,1
34524,36277,1
34525,34719,1
34525,34724,1
34525,34955,1
34525,35028,1
34525,35068,1
34525,35087,1
34525,35285,1
34525,35350,1
34525,35442,2
34525,35534,1
34525,35957,1
34525,36429,1
34525,36476,1
34527,34760,1
34527,34802,1
34527,35376,1
34527,35380,1
34527,35407,1
34527,35447,1
34527,35524,1
34527,35788,1
34527,36266,1
34527,36459,1
34527,36488,1
34529,34536,1
34529,34955,1
34529,35010,1
34529,35061,1
34529,35102,1
34529,35259,1
34529,35376,1
34529,35404,1
34530,34750,1
34530,35376,1
34532,34759,1
34532,34955,1
34532,35074,1
34532,35116,1
34532,35264,1
34536,34677,1
34536,34713,1
34536,34955,4
34536,34961,1
34536,34990,1
34536,35010,1
34536,35061,2
34536,35079,1
34536,35102,2
34536,35123,1
34536,35133,1
34536,35146,1
34536,35232,1
34536,35246,1
34536,35259,1
34536,35264,1
34536,35279,1
34536,35282,1
34536,35290,1
34536,35330,1
34536,35376,1
34536,35384,1
34536,35404,1
34536,35425,1
34536,35445,1
34536,35461,1
34536,35534,1
34536,35629,1
34536,35716,2
34536,35915,1
34536,35991,1
34536,36059,1
34536,36311,1
34536,36320,1
34536,36329,1
34536,36425,1
34536,36488,1
34553,34713,1
34553,34978,1
34553,35123,1
34553,35250,1
34565,35936,1
34565,36014,1
34565,36426,1
34565,36484,1
34575,34583,1
34575,34961,1
34575,35050,1
34575,35178,1
34575,35250,2
34575,35259,1
34575,35261,1
34575,35380,1
34575,35716,1
34575,35837,1
34575,35942,1
34575,36037,1
34575,36281,1
34577,34955,1
34577,35102,1
34577,35388,1
34581,34955,1
34581,35289,1
34581,35545,1
34581,35588,1
34581,35629,1
34581,35836,1
34581,36061,1
34582,35473,1
34582,36307,1
34583,34961,1
34583,35050,1
34583,35178,1
34583,35250,1
34583,35261,1
34583,35380,1
34583,35837,1
34583,35942,1
34583,36037,1
34585,34955,1
34585,35368,1
34585,35418,1
34587,34640,1
34587,34718,1
34587,34719,1
34587,34741,1
34587,35030,1
34587,35172,1
34587,35203,1
34587,35282,1
34587,35285,1
34587,35369,1
34587,35376,1
34587,35548,1
34587,35973,1
34587,36486,1
34590,35266,1
34590,35360,1
34590,35376,1
34590,35395,1
34590,35532,1
34590,35629,1
34590,35656,1
34590,35973,1
34590,36001,1
34600,34607,1
34600,34750,1
34600,34955,1
34600,35068,1
34600,35264,1
34600,35478,1
34600,35532,1
34601,34713,1
34601,35173,1
34601,35384,1
34601,35502,1
34601,35978,1
34603,34713,1
34603,34719,1
34603,34794,1
34603,34887,1
34603,34955,3
34603,34960,1
34603,35025,1
34603,35068,1
34603,35082,1
34603,35102,1
34603,35125,1
34603,35162,1
34603,35168,1
34603,35251,1
34603,35257,1
34603,35368,1
34603,35376,2
34603,35412,1
34603,35450,1
34603,35455,1
34603,35557,1
34603,35588,1
34603,35694,1
34603,35724,1
34603,35777,1
34603,36000,1
34603,36383,2
34603,36426,1
34603,36459,1
34603,36482,1
34607,34750,1
34607,34955,1
34607,35068,1
34607,35264,1
34607,35478,1
34607,35532,1
34608,35102,1
34608,35245,1
34608,35250,1
34608,35376,1
34608,35407,1
34608,35524,1
34613,35170,1
34614,34955,2
34614,35010,1
34614,35030,1
34614,35038,1
34614,35133,1
34614,35283,1
34614,35395,1
34614,35420,1
34614,35453,1
34614,35478,1
34614,35860,1
34614,35937,1
34615,35140,1
34615,35283,1
34615,35376,1
34615,35506,1
34615,35524,1
34615,35869,1
34615,36484,1
34619,34700,1
34619,34713,1
34619,34763,1
34619,34955,1
34619,35009,1
34619,35022,1
34619,35245,1
34619,35293,1
34619,35377,1
34619,35517,1
34619,35588,1
34619,35629,1
34619,35937,1
34619,36289,1
34619,36515,1
34622,35289,1
34622,35376,1
34622,35384,1
34622,35436,1
34622,35482,1
34622,35545,1
34625,35498,1
34625,35641,1
34625,35712,1
34630,35092,1
34630,35102,1
34630,35264,1
34630,35271,1
34630,35339,1
34630,35524,1
34630,35588,1
34630,36250,1
34632,35102,1
34632,35164,1
34632,35264,1
34632,35395,1
34632,35524,1
34632,35588,1
34632,35851,1
34634,34955,2
34634,34956,1
34634,35102,1
34634,35168,1
34634,35228,1
34634,35261,1
34634,35264,2
34634,35365,1
34634,35377,1
34634,35378,1
34634,35384,1
34634,35412,1
34634,35418,1
34634,35454,1
34634,35460,1
34634,35557,1
34634,35776,1
34634,35912,1
34634,35931,1
34634,35937,1
34634,36356,1
34640,34718,1
34640,34719,1
34640,35203,1
34640,35285,1
34640,35369,1
34640,35376,1
34640,36486,1
34643,34648,1
34643,35068,1
34643,35264,1
34643,35305,1
34643,35424,1
34643,35696,1
34647,34746,1
34647,34955,2
34647,34968,1
34647,35010,1
34647,35245,1
34647,35376,1
34647,35384,1
34647,35404,1
34647,35449,1
34647,35465,1
34647,35534,1
34647,35808,1
34647,36050,1
34648,34681,1
34648,35009,1
34648,35050,1
34648,35068,1
34648,35264,1
34648,35305,1
34648,35377,1
34648,35393,1
34648,35424,1
34648,35696,1
34648,35716,1
34650,34741,1
34650,34955,1
34650,35131,1
34650,35178,1
34650,35289,1
34650,35376,1
34650,35478,1
34650,35530,1
34650,35534,1
34650,36422,1
34650,36488,1
34650,36502,1
34654,34961,1
34654,35123,1
34654,35384,1
34654,35443,1
34654,35549,1
34654,35993,1
34654,36459,1
34664,34887,1
34664,35213,1
34664,35404,1
34677,34955,1
34677,35079,1
34677,35246,1
34677,35330,1
34677,35629,1
34677,35716,1
34677,36311,1
34681,34727,1
34681,34955,1
34681,35009,2
34681,35050,1
34681,35157,1
34681,35377,1
34681,35393,1
34681,35442,1
34681,35716,1
34681,36030,1
34681,36277,1
34681,36404,1
34683,34742,1
34683,35036,1
34683,35050,1
34683,35123,1
34683,35376,1
34683,36375,1
34697,34779,1
34697,34955,1
34697,35245,1
34697,35376,1
34700,34713,1
34700,34763,1
34700,34955,1
34700,35009,1
34700,35022,1
34700,35245,1
34700,35293,1
34700,35377,1
34700,35517,1
34700,35588,1
34700,35629,1
34700,35937,1
34700,36289,1
34700,36515,1
34713,34719,1
34713,34720,1
34713,34725,1
34713,34728,2
34713,34735,1
34713,34742,1
34713,34763,2
34713,34794,1
34713,34955,9
34713,34961,1
34713,34978,2
34713,34989,1
34713,34990,1
34713,34998,1
34713,35000,1
34713,35002,1
34713,35003,1
34713,35009,3
34713,35010,1
34713,35022,1
34713,35052,1
34713,35061,1
34713,35068,2
34713,35082,1
34713,35102,2
34713,35123,1
34713,35132,1
34713,35133,1
34713,35143,1
34713,35146,1
34713,35152,1
34713,35161,2
34713,35162,1
34713,35168,1
34713,35169,1
34713,35172,1
34713,35173,1
34713,35178,2
34713,35234,1
34713,35238,1
34713,35245,2
34713,35250,1
34713,35261,2
34713,35264,3
34713,35273,1
34713,35274,1
34713,35282,1
34713,35283,1
34713,35286,1
34713,35293,1
34713,35295,1
34713,35297,1
34713,35330,1
34713,35358,2
34713,35359,1
34713,35368,2
34713,35369,1
34713,35371,1
34713,35376,5
34713,35377,1
34713,35380,2
34713,35384,4
34713,35385,1
34713,35406,1
34713,35412,2
34713,35427,1
34713,35442,3
34713,35449,1
34713,35450,1
34713,35458,1
34713,35502,1
34713,35514,1
34713,35517,1
34713,35535,1
34713,35548,1
34713,35588,1
34713,35629,1
34713,35645,1
34713,35686,1
34713,35724,1
34713,35786,1
34713,35788,1
34713,35792,1
34713,35797,1
34713,35841,1
34713,35875,1
34713,35918,1
34713,35936,1
34713,35937,2
34713,35964,1
34713,35978,1
34713,36059,1
34713,36061,1
34713,36128,1
34713,36179,1
34713,36241,1
34713,36289,1
34713,36327,1
34713,36383,1
34713,36421,1
34713,36425,1
34713,36446,1
34713,36459,2
34713,36477,1
34713,36482,1
34713,36484,1
34713,36515,1
34713,36516,1
34717,34988,1
34717,35102,1
34717,35404,1
34717,36415,1
34718,34719,1
34718,34748,1
34718,34955,1
34718,35002,1
34718,35203,1
34718,35237,1
34718,35285,1
34718,35369,1
34718,35376,2
34718,35545,1
34718,35572,1
34718,35629,1
34718,36484,1
34718,36486,1
34719,34747,1
34719,34750,1
34719,34794,1
34719,34955,1
34719,34975,1
34719,34990,1
34719,34992,1
34719,35028,1
34719,35062,1
34719,35082,1
34719,35116,1
34719,35149,1
34719,35170,1
34719,35203,1
34719,35233,1
34719,35250,1
34719,35285,2
34719,35300,1
34719,35350,1
34719,35368,1
34719,35369,2
34719,35376,3
34719,35404,1
34719,35412,1
34719,35442,1
34719,35458,1
34719,35529,1
34719,35752,1
34719,35957,1
34719,36251,1
34719,36266,1
34719,36383,1
34719,36429,1
34719,36476,2
34719,36482,1
34719,36486,1
34720,35143,1
34720,35548,1
34720,35974,1
34720,35976,1
34720,36425,1
34724,34763,1
34724,34955,1
34724,35062,1
34724,35068,1
34724,35087,1
34724,35376,1
34724,35442,1
34724,35483,1
34724,35534,1
34724,36257,1
34725,34742,1
34725,34955,2
34725,34998,1
34725,35002,1
34725,35068,1
34725,35102,1
34725,35132,1
34725,35236,1
34725,35245,1
34725,35283,1
34725,35404,1
34725,35786,1
34725,35875,1
34725,36327,1
34725,36462,1
34727,34955,1
34727,35009,1
34727,35157,1
34727,35442,1
34727,36030,1
34727,36277,1
34727,36404,1
34728,34735,1
34728,34763,1
34728,34990,1
34728,35009,1
34728,35168,1
34728,35169,1
34728,35172,1
34728,35261,1
34728,35264,1
34728,35359,1
34728,35376,1
34728,35380,1
34728,35384,1
34728,35404,1
34728,35412,1
34728,35627,1
34728,35841,1
34728,35873,1
34728,35931,1
34728,35937,1
34728,36484,1
34728,36516,1
34733,34960,1
34733,35010,1
34733,35029,1
34733,35111,1
34733,35250,1
34733,35251,1
34733,35281,1
34733,35376,1
34733,35489,1
34733,35524,1
34733,35707,1
34733,35783,1
34733,35785,1
34735,34747,1
34735,34757,1
34735,34763,1
34735,34959,1
34735,34990,1
34735,35009,1
34735,35168,1
34735,35169,1
34735,35172,1
34735,35261,1
34735,35264,2
34735,35290,1
34735,35376,1
34735,35384,1
34735,35404,1
34735,35412,1
34735,35420,1
34735,35897,1
34735,35955,1
34735,36404,1
34735,36488,1
34735,36516,1
34737,36430,1
34741,35102,1
34741,35131,1
34741,35172,1
34741,35250,1
34741,35282,1
34741,35300,1
34741,35376,1
34741,35534,1
34741,35548,1
34741,36422,1
34742,34745,1
34742,34762,1
34742,34955,1
34742,34998,1
34742,35002,1
34742,35036,1
34742,35050,1
34742,35068,1
34742,35087,1
34742,35123,1
34742,35132,1
34742,35239,1
34742,35242,1
34742,35245,1
34742,35279,1
34742,35283,1
34742,35376,1
34742,35449,1
34742,35786,1
34742,35875,1
34742,36327,1
34742,36375,1
34745,35242,1
34745,35449,1
34746,34955,2
34746,35010,1
34746,35245,1
34746,35376,1
34746,35384,1
34746,35404,1
34746,35445,1
34746,35449,1
34746,35465,1
34746,35534,1
34746,35808,1
34746,36050,1
34746,36337,1
34747,34757,1
34747,34959,1
34747,34992,1
34747,35062,1
34747,35116,1
34747,35264,1
34747,35290,1
34747,35300,1
34747,35376,1
34747,35404,2
34747,35412,2
34747,35420,1
34747,35897,1
34747,36404,1
34747,36488,1
34748,34955,1
34748,35002,1
34748,35237,1
34748,35376,1
34748,35545,1
34748,35572,1
34748,35629,1
34748,36484,1
34750,34955,2
34750,34975,1
34750,34990,1
34750,35068,2
34750,35145,1
34750,35169,1
34750,35246,1
34750,35264,1
34750,35376,3
34750,35424,1
34750,35478,1
34750,35532,1
34750,35587,1
34750,35637,1
34750,35825,1
34750,35872,1
34750,35963,1
34750,36310,1
34750,36319,1
34750,36476,1
34751,35064,1
34751,35253,1
34751,35264,1
34751,35267,1
34757,34959,1
34757,35264,1
34757,35290,1
34757,35376,1
34757,35404,1
34757,35412,1
34757,35420,1
34757,35631,1
34757,35897,1
34757,36404,1
34757,36488,1
34759,34761,1
34759,34955,1
34759,35074,1
34759,35116,1
34759,35264,1
34759,35410,1
34760,35380,1
34760,35407,1
34760,35447,1
34760,35524,1
34760,35788,1
34760,36266,1
34760,36459,1
34760,36488,1
34761,35410,1
34762,35087,1
34763,34955,1
34763,34990,1
34763,35009,2
34763,35022,1
34763,35168,1
34763,35169,1
34763,35172,1
34763,35245,1
34763,35261,1
34763,35264,1
34763,35293,1
34763,35376,1
34763,35377,1
34763,35384,1
34763,35483,1
34763,35517,1
34763,35588,1
34763,35629,1
34763,35937,1
34763,36257,1
34763,36289,1
34763,36515,1
34763,36516,1
34765,34955,1
34765,35029,1
34765,35285,1
34765,35376,1
34765,35452,1
34768,34776,1
34768,34955,1
34768,35020,1
34768,35096,1
34768,35102,1
34768,35285,1
34768,35362,1
34768,35384,2
34768,35545,1
34768,35588,1
34768,35638,1
34768,35937,1
34768,36399,1
34768,36452,1
34768,36488,1
34775,35834,1
34776,35096,1
34776,35130,1
34776,35285,1
34776,35289,1
34776,35362,1
34776,35384,1
34776,35545,1
34776,35557,1
34776,35937,1
34776,35944,1
34776,36399,1
34778,35082,1
34778,35111,1
34778,35232,1
34778,35376,1
34779,34887,1
34779,34955,1
34779,34984,1
34779,35240,1
34779,35245,1
34779,35376,1
34779,36471,1
34786,34955,1
34786,34968,1
34786,35067,1
34786,35074,1
34786,35102,1
34786,35125,1
34786,35264,1
34786,35325,1
34786,35376,1
34786,35384,1
34786,35496,1
34786,35588,1
34794,34955,1
34794,35082,1
34794,35368,1
34794,35376,1
34794,35414,1
34794,36383,1
34794,36482,1
34802,34955,1
34802,35007,1
34802,35009,1
34802,35091,1
34802,35096,1
34802,35121,1
34802,35150,1
34802,35239,1
34802,35243,1
34802,35282,1
34802,35376,1
34802,35422,1
34802,35497,1
34802,35937,1
34802,35969,1
34802,36277,2
34802,36402,1
34802,36471,1
34803,35291,1
34803,35638,1
34803,36420,1
34887,34955,1
34887,34960,1
34887,34984,1
34887,35025,1
34887,35093,1
34887,35125,1
34887,35213,1
34887,35240,1
34887,35330,1
34887,35392,1
34887,35404,1
34887,35450,1
34887,35694,1
34887,36459,1
34887,36471,1
34890,35271,1
34890,36421,1
34955,34956,1
34955,34958,1
34955,34960,1
34955,34961,3
34955,34968,2
34955,34979,2
34955,34989,1
34955,34990,1
34955,34998,1
34955,35001,1
34955,35002,2
34955,35003,1
34955,35004,1
34955,35009,5
34955,35010,3
34955,35020,1
34955,35022,1
34955,35025,1
34955,35026,1
34955,35029,2
34955,35030,2
34955,35038,1
34955,35052,1
34955,35061,1
34955,35067,1
34955,35068,4
34955,35074,1
34955,35075,2
34955,35078,1
34955,35079,1
34955,35080,1
34955,35082,1
34955,35084,1
34955,35087,1
34955,35091,1
34955,35102,10
34955,35116,1
34955,35117,1
34955,35121,2
34955,35123,1
34955,35125,2
34955,35132,2
34955,35133,4
34955,35143,1
34955,35145,2
34955,35152,1
34955,35157,1
34955,35161,2
34955,35162,4
34955,35168,2
34955,35169,1
34955,35172,3
34955,35174,1
34955,35178,3
34955,35207,1
34955,35209,2
34955,35232,1
34955,35234,1
34955,35236,1
34955,35237,1
34955,35238,1
34955,35240,2
34955,35245,4
34955,35246,1
34955,35250,1
34955,35251,1
34955,35257,1
34955,35259,2
34955,35261,3
34955,35264,10
34955,35267,1
34955,35277,1
34955,35279,2
34955,35282,2
34955,35283,2
34955,35285,1
34955,35286,3
34955,35288,1
34955,35289,2
34955,35290,1
34955,35293,1
34955,35295,1
34955,35325,1
34955,35330,2
34955,35350,2
34955,35353,1
34955,35358,3
34955,35364,1
34955,35365,1
34955,35368,3
34955,35371,1
34955,35376,18
34955,35377,2
34955,35384,6
34955,35388,1
34955,35392,2
34955,35395,1
34955,35404,5
34955,35406,1
34955,35410,1
34955,35412,2
34955,35416,2
34955,35418,2
34955,35420,2
34955,35425,1
34955,35436,1
34955,35442,5
34955,35445,2
34955,35449,3
34955,35450,3
34955,35452,1
34955,35453,1
34955,35454,2
34955,35455,1
34955,35460,1
34955,35461,1
34955,35464,1
34955,35465,2
34955,35478,3
34955,35484,1
34955,35496,1
34955,35507,1
34955,35514,1
34955,35517,2
34955,35524,1
34955,35530,1
34955,35532,1
34955,35534,3
34955,35545,3
34955,35557,2
34955,35572,1
34955,35587,1
34955,35588,8
34955,35629,4
34955,35637,1
34955,35638,3
34955,35640,1
34955,35645,1
34955,35686,1
34955,35694,2
34955,35716,2
34955,35724,2
34955,35776,1
34955,35777,1
34955,35781,1
34955,35786,1
34955,35788,1
34955,35792,1
34955,35797,1
34955,35808,1
34955,35820,1
34955,35825,1
34955,35836,1
34955,35837,1
34955,35860,1
34955,35872,1
34955,35875,1
34955,35913,1
34955,35915,2
34955,35917,1
34955,35925,1
34955,35931,1
34955,35937,3
34955,35941,1
34955,35945,1
34955,35946,1
34955,35953,1
34955,35978,1
34955,35991,1
34955,36000,1
34955,36001,1
34955,36030,1
34955,36050,1
34955,36061,1
34955,36065,1
34955,36128,2
34955,36179,1
34955,36241,2
34955,36253,1
34955,36257,1
34955,36277,2
34955,36289,1
34955,36295,1
34955,36310,1
34955,36311,1
34955,36319,1
34955,36320,1
34955,36327,1
34955,36329,2
34955,36337,1
34955,36362,1
34955,36377,1
34955,36380,1
34955,36383,1
34955,36393,1
34955,36404,1
34955,36421,1
34955,36425,1
34955,36426,1
34955,36431,1
34955,36452,2
34955,36457,1
34955,36459,2
34955,36462,1
34955,36474,1
34955,36477,1
34955,36482,1
34955,36484,1
34955,36488,5
34955,36502,1
34955,36503,1
34955,36515,1
34955,36519,1
34956,35102,1
34956,35234,1
34956,35261,1
34956,35264,1
34956,35365,1
34956,35377,1
34956,35454,1
34956,35557,1
34957,35180,1
34957,35627,1
34957,35635,1
34957,36375,1
34958,34961,1
34958,35121,1
34958,35915,1
34958,36377,1
34959,35264,1
34959,35290,1
34959,35376,1
34959,35404,1
34959,35412,1
34959,35420,1
34959,35897,1
34959,36404,1
34959,36488,1
34960,35010,1
34960,35025,1
34960,35029,1
34960,35111,1
34960,35125,1
34960,35250,1
34960,35251,1
34960,35281,1
34960,35376,1
34960,35450,1
34960,35524,1
34960,35694,1
34960,35783,1
34960,35785,1
34960,36459,1
34961,34990,1
34961,35050,1
34961,35121,1
34961,35123,2
34961,35152,2
34961,35178,1
34961,35232,1
34961,35238,1
34961,35250,1
34961,35261,1
34961,35264,1
34961,35290,1
34961,35376,1
34961,35380,1
34961,35384,1
34961,35406,1
34961,35443,1
34961,35549,1
34961,35716,1
34961,35837,1
34961,35915,1
34961,35942,1
34961,35991,1
34961,36037,1
34961,36128,1
34961,36320,1
34961,36377,1
34961,36459,1
34968,35067,1
34968,35102,1
34968,35264,1
34968,35325,1
34968,35376,1
34968,35384,1
34968,35496,1
34968,35588,1
34971,35856,1
34971,35935,1
34975,34990,1
34975,36476,1
34978,35009,1
34978,35010,1
34978,35068,1
34978,35102,1
34978,35123,1
34978,35161,1
34978,35250,1
34978,35261,1
34978,35264,1
34978,35273,1
34978,35282,1
34978,35297,1
34978,35369,1
34978,35380,1
34978,35384,1
34978,35385,1
34978,35427,1
34978,35450,1
34978,35918,1
34978,35936,1
34978,35964,1
34978,36061,1
34978,36446,1
34979,35080,1
34979,35084,1
34979,35207,1
34979,35264,1
34979,35404,1
34979,35913,1
34979,35925,1
34979,36001,1
34979,36257,1
34979,36380,1
34982,35264,1
34982,35856,1
34982,35875,1
34984,35169,1
34984,35240,1
34984,36471,1
34988,35102,1
34988,35404,1
34988,36415,1
34989,35003,1
34989,35052,1
34989,35161,1
34989,35234,1
34989,35286,1
34989,35330,1
34989,35368,1
34989,35376,1
34989,35442,1
34989,35724,1
34989,36421,1
34989,36477,1
34990,35009,1
34990,35123,1
34990,35168,1
34990,35169,1
34990,35172,1
34990,35232,1
34990,35261,1
34990,35264,1
34990,35290,1
34990,35384,1
34990,35716,1
34990,35991,1
34990,36320,1
34990,36476,1
34990,36516,1
34992,35062,1
34992,35116,1
34992,35300,1
34992,35404,1
34992,35412,1
34998,35002,1
34998,35068,1
34998,35132,1
34998,35245,1
34998,35283,1
34998,35376,1
34998,35588,1
34998,35786,1
34998,35875,1
34998,36059,1
34998,36327,1
35000,35274,1
35000,35535,1
35001,35102,1
35001,35781,1
35001,35820,1
35001,36065,1
35002,35068,1
35002,35132,1
35002,35237,1
35002,35245,1
35002,35283,1
35002,35376,1
35002,35545,1
35002,35572,1
35002,35629,1
35002,35786,1
35002,35875,1
35002,36327,1
35002,36425,1
35002,36484,1
35003,35052,1
35003,35161,1
35003,35234,1
35003,35286,1
35003,35330,1
35003,35368,1
35003,35376,1
35003,35442,1
35003,35724,1
35003,36421,1
35003,36428,1
35003,36477,1
35004,35178,1
35004,35450,1
35004,35953,1
35004,36430,1
35004,36503,1
35007,35150,1
35007,35497,1
35007,36277,1
35008,36276,1
35009,35010,1
35009,35022,1
35009,35050,1
35009,35068,1
35009,35096,1
35009,35102,1
35009,35143,1
35009,35145,1
35009,35157,1
35009,35161,1
35009,35168,1
35009,35169,1
35009,35172,1
35009,35240,1
35009,35243,1
35009,35245,1
35009,35261,2
35009,35264,3
35009,35273,1
35009,35282,2
35009,35293,1
35009,35297,1
35009,35350,1
35009,35369,2
35009,35376,1
35009,35377,2
35009,35380,1
35009,35384,3
35009,35385,1
35009,35393,1
35009,35416,2
35009,35427,1
35009,35442,1
35009,35450,2
35009,35517,1
35009,35588,3
35009,35629,1
35009,35716,1
35009,35917,1
35009,35918,1
35009,35936,1
35009,35937,2
35009,35964,1
35009,35969,1
35009,36030,1
35009,36061,1
35009,36128,1
35009,36277,1
35009,36289,1
35009,36310,1
35009,36404,1
35009,36438,1
35009,36446,1
35009,36488,2
35009,36515,1
35009,36516,1
35010,35029,1
35010,35030,1
35010,35061,1
35010,35068,1
35010,35102,2
35010,35111,1
35010,35161,1
35010,35245,1
35010,35250,1
35010,35251,1
35010,35259,1
35010,35261,1
35010,35264,1
35010,35273,1
35010,35281,1
35010,35282,1
35010,35283,1
35010,35297,1
35010,35369,1
35010,35376,3
35010,35380,1
35010,35384,2
35010,35385,1
35010,35395,1
35010,35404,2
35010,35427,1
35010,35449,1
35010,35450,1
35010,35465,1
35010,35478,1
35010,35524,1
35010,35534,1
35010,35783,1
35010,35785,1
35010,35808,1
35010,35918,1
35010,35936,1
35010,35937,1
35010,35964,1
35010,36050,1
35010,36061,1
35010,36446,1
35020,35102,1
35020,35384,1
35020,35588,1
35020,35638,1
35020,36452,1
35020,36488,1
35022,35245,1
35022,35293,1
35022,35377,1
35022,35517,1
35022,35588,1
35022,35629,1
35022,35937,1
35022,36289,1
35022,36515,1
35025,35125,1
35025,35450,1
35025,35694,1
35025,36459,1
35026,35279,1
35026,35286,1
35026,35364,1
35026,36241,1
35028,35285,1
35028,35350,1
35028,35442,1
35028,35957,1
35028,36429,1
35028,36476,1
35029,35111,1
35029,35145,1
35029,35250,1
35029,35251,1
35029,35281,1
35029,35285,1
35029,35358,1
35029,35376,2
35029,35452,1
35029,35517,1
35029,35524,2
35029,35724,1
35029,35783,1
35029,35785,1
35029,36474,1
35030,35064,1
35030,35075,1
35030,35102,1
35030,35174,1
35030,35282,1
35030,35283,1
35030,35350,1
35030,35362,1
35030,35395,1
35030,35449,1
35030,35478,1
35030,35482,1
35030,35937,1
35030,35946,1
35030,35973,1
35033,35111,1
35033,35481,1
35033,35629,1
35033,35638,1
35033,36378,1
35034,35915,1
35034,36247,1
35034,36476,1
35036,35050,1
35036,35123,1
35036,35376,1
35036,36375,1
35038,35133,1
35038,35420,1
35038,35453,1
35038,35860,1
35050,35123,1
35050,35178,1
35050,35250,1
35050,35261,1
35050,35376,1
35050,35377,1
35050,35380,1
35050,35393,1
35050,35716,1
35050,35837,1
35050,35942,1
35050,36037,1
35050,36375,1
35052,35161,1
35052,35234,1
35052,35286,1
35052,35330,1
35052,35368,1
35052,35376,1
35052,35442,1
35052,35724,1
35052,36421,1
35052,36477,1
35061,35102,2
35061,35133,1
35061,35146,1
35061,35259,1
35061,35376,1
35061,35384,1
35061,35404,1
35061,36059,1
35062,35116,1
35062,35300,1
35062,35404,1
35062,35412,1
35064,35078,1
35064,35253,1
35064,35264,1
35064,35267,1
35064,35449,1
35064,35546,1
35064,36310,1
35067,35102,1
35067,35264,1
35067,35325,1
35067,35376,1
35067,35384,1
35067,35496,1
35067,35588,1
35068,35087,1
35068,35102,1
35068,35132,1
35068,35145,1
35068,35161,1
35068,35162,1
35068,35168,1
35068,35169,1
35068,35245,1
35068,35246,1
35068,35251,1
35068,35257,1
35068,35261,1
35068,35264,3
35068,35273,1
35068,35282,1
35068,35283,1
35068,35297,1
35068,35305,1
35068,35369,1
35068,35376,1
35068,35380,1
35068,35384,1
35068,35385,1
35068,35412,1
35068,35424,1
35068,35427,1
35068,35442,1
35068,35450,1
35068,35455,1
35068,35478,1
35068,35532,1
35068,35534,1
35068,35588,1
35068,35696,1
35068,35777,1
35068,35786,1
35068,35875,1
35068,35918,1
35068,35936,1
35068,35963,1
35068,35964,1
35068,36000,1
35068,36061,1
35068,36327,1
35068,36426,1
35068,36446,1
35074,35098,1
35074,35116,1
35074,35125,1
35074,35264,2
35074,35449,1
35074,35933,1
35075,35102,1
35075,35174,1
35075,35261,1
35075,35282,1
35075,35350,1
35075,35449,1
35075,35946,1
35078,35172,1
35078,35209,1
35078,35264,1
35078,35449,2
35078,36310,1
35078,36519,1
35079,35246,1
35079,35330,1
35079,35629,1
35079,35716,1
35079,36311,1
35080,35084,1
35080,35207,1
35080,35404,1
35080,36257,1
35080,36380,1
35082,35111,1
35082,35232,1
35082,35368,1
35082,35376,2
35082,36383,1
35082,36482,1
35083,35247,1
35083,35376,1
35083,35633,1
35084,35207,1
35084,35404,1
35084,36257,1
35084,36380,1
35087,35442,1
35087,35532,1
35087,35534,1
35088,35483,1
35091,35121,1
35091,36277,1
35092,35102,1
35092,35131,1
35092,35264,1
35092,35271,1
35092,35339,1
35092,35524,1
35092,35588,1
35092,36250,1
35092,36329,1
35093,35330,1
35093,35392,1
35096,35243,1
35096,35282,1
35096,35285,1
35096,35362,1
35096,35384,1
35096,35545,1
35096,35937,2
35096,35969,1
35096,36399,1
35098,35168,1
35098,35264,1
35098,35376,1
35098,35449,1
35098,35923,1
35102,35133,2
35102,35146,1
35102,35159,1
35102,35161,1
35102,35164,1
35102,35174,1
35102,35175,1
35102,35236,1
35102,35245,1
35102,35250,2
35102,35259,2
35102,35261,2
35102,35264,5
35102,35271,1
35102,35273,1
35102,35282,2
35102,35289,1
35102,35297,1
35102,35300,1
35102,35325,1
35102,35339,1
35102,35350,1
35102,35365,1
35102,35369,2
35102,35376,3
35102,35377,1
35102,35380,1
35102,35384,4
35102,35385,1
35102,35388,1
35102,35395,1
35102,35404,4
35102,35407,1
35102,35427,1
35102,35449,1
35102,35450,1
35102,35454,1
35102,35464,1
35102,35496,1
35102,35524,3
35102,35546,1
35102,35557,2
35102,35588,4
35102,35638,1
35102,35724,1
35102,35733,1
35102,35781,1
35102,35820,1
35102,35851,1
35102,35918,1
35102,35936,1
35102,35937,1
35102,35941,1
35102,35946,1
35102,35964,1
35102,36001,1
35102,36059,1
35102,36061,1
35102,36065,1
35102,36250,1
35102,36383,1
35102,36415,1
35102,36446,1
35102,36452,1
35102,36462,1
35102,36488,1
35111,35232,1
35111,35250,1
35111,35251,1
35111,35281,1
35111,35286,1
35111,35376,2
35111,35481,1
35111,35524,1
35111,35629,1
35111,35638,1
35111,35783,1
35111,35785,1
35111,36378,1
35116,35172,1
35116,35264,1
35116,35300,1
35116,35404,1
35116,35412,1
35116,35942,1
35117,35125,1
35117,35172,1
35117,35353,1
35117,35392,1
35121,35915,1
35121,36277,1
35121,36377,1
35123,35232,1
35123,35250,1
35123,35290,1
35123,35376,1
35123,35384,1
35123,35443,1
35123,35549,1
35123,35716,1
35123,35991,1
35123,36320,1
35123,36375,1
35123,36459,1
35125,35172,1
35125,35353,1
35125,35392,1
35125,35450,1
35125,35694,1
35125,36459,1
35130,35161,1
35130,35289,1
35130,35376,1
35130,35404,1
35130,35557,1
35130,35785,1
35130,35944,1
35131,35376,1
35131,35534,1
35131,35557,1
35131,36329,1
35131,36340,1
35131,36422,1
35132,35133,1
35132,35209,1
35132,35245,1
35132,35283,1
35132,35484,1
35132,35786,1
35132,35875,1
35132,36327,1
35133,35146,1
35133,35162,1
35133,35209,1
35133,35384,1
35133,35404,1
35133,35420,1
35133,35453,1
35133,35464,1
35133,35484,1
35133,35860,1
35133,35937,1
35133,35941,1
35133,36059,1
35133,36253,1
35136,35376,1
35136,35991,1
35136,36245,1
35136,36256,1
35143,35224,1
35143,35240,1
35143,35245,1
35143,35250,1
35143,35264,1
35143,35286,1
35143,35376,2
35143,35380,2
35143,35384,1
35143,35416,1
35143,35454,1
35143,35548,1
35143,35588,1
35143,35917,2
35143,35940,1
35143,36271,1
35143,36352,1
35143,36425,1
35143,36488,1
35145,35169,1
35145,35246,1
35145,35358,1
35145,35416,1
35145,35517,1
35145,35524,1
35145,35724,1
35145,35963,1
35145,36474,1
35146,35384,1
35146,36059,1
35149,35369,1
35149,35376,1
35149,35458,1
35149,35529,1
35149,36251,1
35149,36266,1
35150,35497,1
35150,36277,1
35152,35238,1
35152,35264,1
35152,35376,1
35152,35406,1
35152,36128,1
35157,35442,1
35157,36030,1
35157,36277,1
35157,36404,1
35159,35175,1
35159,35259,1
35159,35369,1
35159,35546,1
35159,35733,1
35161,35162,1
35161,35234,1
35161,35261,2
35161,35264,1
35161,35273,1
35161,35282,1
35161,35286,1
35161,35297,1
35161,35330,1
35161,35368,1
35161,35369,1
35161,35376,3
35161,35380,1
35161,35384,1
35161,35385,1
35161,35392,1
35161,35404,1
35161,35427,1
35161,35442,1
35161,35450,1
35161,35465,1
35161,35545,1
35161,35724,1
35161,35785,1
35161,35918,1
35161,35936,1
35161,35945,1
35161,35964,1
35161,36061,1
35161,36421,1
35161,36446,1
35161,36477,1
35162,35168,1
35162,35178,1
35162,35251,1
35162,35257,1
35162,35261,1
35162,35371,1
35162,35376,3
35162,35392,1
35162,35412,1
35162,35442,1
35162,35449,1
35162,35455,1
35162,35465,1
35162,35545,1
35162,35588,1
35162,35777,1
35162,35788,1
35162,35792,1
35162,35945,1
35162,36000,1
35162,36179,1
35162,36241,1
35162,36253,1
35162,36425,1
35162,36426,1
35164,35264,1
35164,35395,1
35164,35524,1
35164,35588,1
35164,35851,1
35168,35169,2
35168,35172,1
35168,35251,1
35168,35257,1
35168,35261,1
35168,35264,2
35168,35376,2
35168,35384,2
35168,35412,1
35168,35418,1
35168,35455,1
35168,35588,2
35168,35776,1
35168,35777,1
35168,35875,1
35168,35923,1
35168,35931,1
35168,36000,1
35168,36426,1
35168,36516,1
35169,35172,1
35169,35246,1
35169,35261,1
35169,35264,1
35169,35384,1
35169,35454,1
35169,35875,1
35169,35963,1
35169,36516,1
35170,35233,1
35170,35250,1
35170,35752,1
35171,35290,1
35171,35362,1
35171,35464,1
35171,35488,1
35171,35534,1
35171,35588,1
35171,35959,1
35171,36279,1
35172,35209,1
35172,35261,1
35172,35264,2
35172,35282,1
35172,35285,1
35172,35297,1
35172,35353,1
35172,35381,1
35172,35384,1
35172,35392,1
35172,35441,1
35172,35464,1
35172,35483,1
35172,35548,1
35172,35588,1
35172,35638,1
35172,35640,1
35172,35740,1
35172,35875,1
35172,35942,1
35172,36281,1
35172,36516,1
35172,36519,1
35173,35384,1
35173,35502,1
35173,35978,1
35174,35282,1
35174,35350,1
35174,35449,1
35174,35946,1
35175,35259,1
35175,35369,1
35175,35546,1
35175,35733,1
35178,35240,1
35178,35250,1
35178,35261,1
35178,35289,1
35178,35325,1
35178,35371,1
35178,35380,1
35178,35410,1
35178,35442,1
35178,35449,1
35178,35450,1
35178,35458,1
35178,35478,1
35178,35530,1
35178,35588,1
35178,35749,1
35178,35781,1
35178,35788,1
35178,35792,1
35178,35837,1
35178,35942,1
35178,35953,1
35178,36037,1
35178,36179,1
35178,36241,1
35178,36328,1
35178,36459,1
35178,36472,1
35178,36488,1
35178,36502,1
35178,36503,1
35180,35627,1
35180,35635,1
35180,36375,1
35181,35506,1
35203,35285,1
35203,35369,1
35203,35376,1
35203,36486,1
35207,35404,1
35207,36257,1
35207,36380,1
35209,35264,1
35209,35274,1
35209,35484,1
35209,35749,1
35209,36344,1
35209,36378,1
35209,36519,1
35213,35376,1
35213,35404,1
35213,35478,1
35213,35481,1
35213,35710,1
35213,36001,1
35213,36449,1
35213,36471,1
35224,35286,1
35224,35376,1
35224,35380,1
35224,35454,1
35228,35378,1
35228,35412,1
35228,35460,1
35228,35912,1
35228,35937,1
35228,36356,1
35232,35290,1
35232,35376,1
35232,35409,1
35232,35716,1
35232,35829,1
35232,35991,1
35232,36320,1
35232,36484,1
35233,35250,1
35233,35752,1
35234,35286,1
35234,35330,1
35234,35368,1
35234,35376,1
35234,35442,1
35234,35724,1
35234,36421,1
35234,36477,1
35236,35404,1
35236,36462,1
35237,35376,1
35237,35545,1
35237,35572,1
35237,35629,1
35237,36484,1
35238,35264,1
35238,35376,1
35238,35406,1
35238,36128,1
35239,36402,1
35239,36471,1
35240,35264,1
35240,35325,1
35240,35376,1
35240,35384,1
35240,35410,1
35240,35416,1
35240,35436,1
35240,35507,1
35240,35588,2
35240,35694,1
35240,35749,1
35240,35781,1
35240,35917,1
35240,36328,1
35240,36471,1
35240,36488,2
35242,35449,1
35243,35282,1
35243,35687,1
35243,35937,1
35243,35969,1
35245,35246,1
35245,35250,2
35245,35283,1
35245,35293,1
35245,35376,3
35245,35377,1
35245,35380,2
35245,35384,1
35245,35404,1
35245,35407,1
35245,35449,1
35245,35465,1
35245,35517,1
35245,35524,1
35245,35534,1
35245,35588,1
35245,35629,1
35245,35786,1
35245,35808,1
35245,35875,1
35245,35917,1
35245,35937,1
35245,35940,1
35245,36050,1
35245,36271,1
35245,36289,1
35245,36327,1
35245,36352,1
35245,36410,1
35245,36515,1
35246,35330,1
35246,35362,1
35246,35380,1
35246,35629,1
35246,35716,1
35246,35963,1
35246,36026,1
35246,36311,1
35246,36410,1
35247,35376,1
35247,35633,1
35248,35424,1
35250,35251,1
35250,35259,1
35250,35261,1
35250,35281,1
35250,35286,1
35250,35300,1
35250,35376,2
35250,35380,2
35250,35407,1
35250,35524,2
35250,35638,1
35250,35716,1
35250,35752,1
35250,35783,1
35250,35785,1
35250,35837,1
35250,35917,1
35250,35940,1
35250,35942,1
35250,36037,1
35250,36271,1
35250,36281,1
35250,36352,1
35251,35257,1
35251,35281,1
35251,35376,2
35251,35412,1
35251,35455,1
35251,35524,1
35251,35588,1
35251,35777,1
35251,35783,1
35251,35785,1
35251,36000,1
35251,36426,1
35253,35264,1
35253,35267,1
35253,35629,1
35253,36340,1
35257,35376,1
35257,35412,1
35257,35455,1
35257,35588,1
35257,35777,1
35257,36000,1
35257,36426,1
35259,35277,1
35259,35288,1
35259,35369,1
35259,35376,1
35259,35404,1
35259,35546,1
35259,35716,1
35259,35733,1
35259,35837,1
35259,36281,1
35261,35264,3
35261,35273,1
35261,35282,1
35261,35297,1
35261,35365,1
35261,35369,1
35261,35376,1
35261,35377,1
35261,35380,2
35261,35384,2
35261,35385,1
35261,35392,1
35261,35427,1
35261,35450,1
35261,35454,1
35261,35465,1
35261,35545,1
35261,35557,1
35261,35837,1
35261,35918,1
35261,35936,1
35261,35942,1
35261,35945,1
35261,35964,1
35261,36037,1
35261,36061,1
35261,36446,1
35261,36516,1
35264,35267,1
35264,35271,1
35264,35273,1
35264,35279,1
35264,35282,2
35264,35290,1
35264,35297,1
35264,35305,1
35264,35325,1
35264,35339,1
35264,35365,1
35264,35369,1
35264,35376,4
35264,35377,1
35264,35380,1
35264,35384,5
35264,35385,1
35264,35395,1
35264,35404,1
35264,35406,1
35264,35412,1
35264,35416,1
35264,35418,1
35264,35420,1
35264,35424,1
35264,35425,1
35264,35427,1
35264,35445,1
35264,35449,1
35264,35450,1
35264,35454,1
35264,35461,1
35264,35478,1
35264,35496,1
35264,35524,2
35264,35532,1
35264,35534,1
35264,35557,1
35264,35588,5
35264,35696,1
35264,35776,1
35264,35851,1
35264,35897,1
35264,35913,1
35264,35915,1
35264,35917,1
35264,35918,1
35264,35925,1
35264,35931,1
35264,35936,1
35264,35964,1
35264,36001,1
35264,36061,1
35264,36128,1
35264,36250,1
35264,36329,1
35264,36404,1
35264,36425,1
35264,36446,1
35264,36488,3
35264,36516,1
35264,36519,1
35266,35360,1
35266,35376,1
35266,35395,1
35266,35532,1
35266,35629,1
35266,35656,1
35266,35973,1
35266,36001,1
35267,35420,1
35267,35557,1
35271,35339,1
35271,35524,1
35271,35588,1
35271,36250,1
35271,36421,1
35273,35282,1
35273,35297,1
35273,35369,1
35273,35380,1
35273,35384,1
35273,35385,1
35273,35427,1
35273,35450,1
35273,35918,1
35273,35936,1
35273,35964,1
35273,36061,1
35273,36319,1
35273,36446,1
35274,35535,1
35274,35749,1
35274,36378,1
35277,35288,1
35277,35837,1
35279,35282,1
35279,35286,1
35279,35364,1
35279,35412,1
35279,35425,1
35279,35445,1
35279,35461,1
35279,35500,1
35279,35534,1
35279,35565,1
35279,35588,1
35279,35915,1
35279,36241,1
35279,36329,1
35279,36425,1
35279,36463,1
35279,36469,1
35279,36488,1
35281,35376,1
35281,35524,1
35281,35783,1
35281,35785,1
35282,35297,1
35282,35350,1
35282,35369,1
35282,35380,1
35282,35384,1
35282,35385,1
35282,35425,1
35282,35427,1
35282,35445,1
35282,35449,1
35282,35450,1
35282,35461,1
35282,35534,1
35282,35548,2
35282,35915,1
35282,35918,1
35282,35936,1
35282,35937,1
35282,35946,1
35282,35964,1
35282,35969,1
35282,36061,1
35282,36329,1
35282,36425,1
35282,36446,1
35282,36488,1
35283,35376,1
35283,35395,1
35283,35478,1
35283,35506,1
35283,35524,1
35283,35786,1
35283,35869,1
35283,35875,1
35283,35937,1
35283,36327,1
35283,36484,1
35285,35350,1
35285,35362,1
35285,35369,1
35285,35376,2
35285,35381,1
35285,35384,1
35285,35441,1
35285,35442,1
35285,35452,1
35285,35464,1
35285,35545,1
35285,35937,1
35285,35957,1
35285,36281,1
35285,36399,1
35285,36429,1
35285,36476,1
35285,36486,1
35286,35330,1
35286,35364,1
35286,35368,1
35286,35376,2
35286,35380,1
35286,35442,1
35286,35454,1
35286,35638,1
35286,35724,1
35286,36241,1
35286,36421,1
35286,36477,1
35288,35837,1
35289,35376,1
35289,35384,1
35289,35436,1
35289,35478,1
35289,35482,1
35289,35530,1
35289,35545,2
35289,35557,1
35289,35588,1
35289,35629,1
35289,35836,1
35289,35944,1
35289,36001,1
35289,36061,1
35289,36488,1
35289,36502,1
35290,35362,1
35290,35376,1
35290,35404,1
35290,35412,1
35290,35420,1
35290,35464,1
35290,35488,1
35290,35534,1
35290,35588,1
35290,35716,1
35290,35897,1
35290,35959,1
35290,35991,1
35290,36279,1
35290,36320,1
35290,36404,1
35290,36488,1
35291,35638,1
35291,36420,1
35293,35377,1
35293,35517,1
35293,35588,1
35293,35629,1
35293,35937,1
35293,36289,1
35293,36515,1
35295,35358,1
35295,35376,1
35295,35412,1
35297,35369,1
35297,35380,1
35297,35384,1
35297,35385,1
35297,35427,1
35297,35450,1
35297,35588,1
35297,35918,1
35297,35936,1
35297,35964,1
35297,36061,1
35297,36446,1
35300,35404,1
35300,35412,1
35305,35424,1
35305,35696,1
35324,36128,1
35325,35376,1
35325,35384,1
35325,35410,1
35325,35496,1
35325,35588,2
35325,35749,1
35325,35781,1
35325,36328,1
35330,35368,1
35330,35376,1
35330,35392,1
35330,35442,1
35330,35629,1
35330,35716,1
35330,35724,1
35330,36311,1
35330,36421,1
35330,36477,1
35339,35524,1
35339,35588,1
35339,36250,1
35350,35416,1
35350,35442,1
35350,35449,1
35350,35450,1
35350,35588,1
35350,35946,1
35350,35957,1
35350,36128,1
35350,36429,1
35350,36476,1
35353,35392,1
35358,35376,2
35358,35412,1
35358,35514,1
35358,35517,1
35358,35524,1
35358,35645,1
35358,35724,1
35358,36459,1
35358,36474,1
35359,35380,1
35359,35412,1
35359,35841,1
35359,35937,1
35359,36484,1
35360,35376,1
35360,35395,1
35360,35532,1
35360,35629,1
35360,35656,1
35360,35973,1
35360,36001,1
35362,35384,1
35362,35464,1
35362,35482,1
35362,35488,1
35362,35534,1
35362,35545,1
35362,35588,1
35362,35937,1
35362,35959,1
35362,36026,1
35362,36279,1
35362,36399,1
35364,36241,1
35365,35377,1
35365,35454,1
35365,35557,1
35368,35376,2
35368,35418,1
35368,35442,1
35368,35724,1
35368,36383,1
35368,36421,1
35368,36477,1
35368,36482,1
35369,35376,2
35369,35380,1
35369,35384,1
35369,35385,1
35369,35427,1
35369,35450,1
35369,35458,1
35369,35529,1
35369,35546,1
35369,35724,1
35369,35733,1
35369,35918,1
35369,35936,1
35369,35964,1
35369,35980,1
35369,36061,1
35369,36251,1
35369,36266,1
35369,36438,1
35369,36446,1
35369,36486,1
35371,35442,1
35371,35449,1
35371,35788,1
35371,35792,1
35371,36179,1
35371,36241,1
35376,35380,1
35376,35381,1
35376,35384,4
35376,35392,1
35376,35395,1
35376,35404,5
35376,35406,1
35376,35407,1
35376,35410,1
35376,35412,3
35376,35416,1
35376,35420,1
35376,35436,1
35376,35442,1
35376,35449,1
35376,35452,1
35376,35454,1
35376,35455,1
35376,35458,1
35376,35465,2
35376,35478,1
35376,35481,1
35376,35482,1
35376,35483,1
35376,35496,1
35376,35506,1
35376,35514,1
35376,35524,3
35376,35529,1
35376,35532,1
35376,35534,2
35376,35545,3
35376,35572,1
35376,35587,1
35376,35588,4
35376,35627,1
35376,35629,2
35376,35633,1
35376,35637,1
35376,35645,1
35376,35656,1
35376,35710,1
35376,35724,1
35376,35777,1
35376,35779,1
35376,35783,1
35376,35785,2
35376,35808,1
35376,35825,1
35376,35869,1
35376,35872,1
35376,35873,1
35376,35897,1
35376,35917,1
35376,35923,1
35376,35931,1
35376,35945,1
35376,35973,1
35376,35991,1
35376,36000,1
35376,36001,2
35376,36050,1
35376,36059,1
35376,36128,1
35376,36245,1
35376,36251,1
35376,36256,1
35376,36257,1
35376,36266,1
35376,36319,1
35376,36362,1
35376,36375,1
35376,36383,1
35376,36404,1
35376,36421,1
35376,36422,1
35376,36426,1
35376,36449,1
35376,36459,1
35376,36471,1
35376,36477,1
35376,36482,1
35376,36484,2
35376,36486,1
35376,36488,2
35377,35393,1
35377,35454,1
35377,35517,1
35377,35557,1
35377,35588,1
35377,35629,1
35377,35716,1
35377,35937,1
35377,36289,1
35377,36515,1
35378,35412,1
35378,35460,1
35378,35912,1
35378,35937,1
35378,36356,1
35380,35384,1
35380,35385,1
35380,35407,1
35380,35412,1
35380,35427,1
35380,35447,1
35380,35450,1
35380,35454,1
35380,35524,1
35380,35788,1
35380,35837,1
35380,35841,1
35380,35917,1
35380,35918,1
35380,35936,1
35380,35937,1
35380,35940,1
35380,35942,1
35380,35964,1
35380,36037,1
35380,36061,1
35380,36266,1
35380,36271,1
35380,36352,1
35380,36410,1
35380,36446,1
35380,36459,1
35380,36484,1
35380,36488,1
35381,35441,1
35381,35464,1
35381,36281,1
35384,35385,1
35384,35404,1
35384,35416,1
35384,35418,1
35384,35427,1
35384,35436,1
35384,35443,1
35384,35447,1
35384,35449,1
35384,35450,1
35384,35460,1
35384,35465,1
35384,35482,1
35384,35496,1
35384,35502,1
35384,35534,1
35384,35545,2
35384,35549,1
35384,35588,4
35384,35638,1
35384,35776,1
35384,35808,1
35384,35917,1
35384,35918,1
35384,35931,1
35384,35936,1
35384,35937,1
35384,35964,1
35384,35978,1
35384,36050,1
35384,36059,1
35384,36061,1
35384,36399,1
35384,36446,1
35384,36452,1
35384,36457,1
35384,36459,1
35384,36471,1
35384,36488,2
35384,36516,1
35385,35427,1
35385,35450,1
35385,35918,1
35385,35936,1
35385,35964,1
35385,36061,1
35385,36446,1
35392,35465,1
35392,35545,1
35392,35945,1
35393,35716,1
35395,35478,1
35395,35524,1
35395,35532,1
35395,35588,1
35395,35629,1
35395,35656,1
35395,35851,1
35395,35937,1
35395,35973,1
35395,36001,1
35400,36241,1
35404,35412,2
35404,35420,1
35404,35449,1
35404,35464,1
35404,35465,1
35404,35534,1
35404,35627,1
35404,35785,1
35404,35808,1
35404,35873,1
35404,35897,1
35404,35931,1
35404,35937,1
35404,35941,1
35404,36050,1
35404,36257,1
35404,36307,1
35404,36380,1
35404,36404,1
35404,36415,1
35404,36462,1
35404,36488,1
35406,36128,1
35407,35447,1
35407,35524,2
35407,35788,1
35407,36266,1
35407,36459,1
35407,36488,1
35409,35829,1
35409,36484,1
35410,35588,1
35410,35749,1
35410,35781,1
35410,36328,1
35410,36362,1
35412,35420,1
35412,35455,1
35412,35460,1
35412,35588,2
35412,35777,1
35412,35841,1
35412,35897,1
35412,35912,1
35412,35937,2
35412,36000,1
35412,36356,1
35412,36404,1
35412,36426,1
35412,36463,1
35412,36469,1
35412,36484,1
35412,36488,1
35416,35450,1
35416,35588,2
35416,35917,1
35416,36128,1
35416,36488,1
35418,35776,1
35418,35931,1
35420,35453,1
35420,35557,1
35420,35860,1
35420,35897,1
35420,36404,1
35420,36488,1
35424,35696,1
35424,36310,1
35425,35445,1
35425,35461,1
35425,35534,1
35425,35915,1
35425,36329,1
35425,36425,1
35425,36488,1
35427,35450,1
35427,35918,1
35427,35936,1
35427,35964,1
35427,36061,1
35427,36446,1
35436,35482,1
35436,35507,1
35436,35545,1
35436,35694,1
35436,36488,1
35441,35464,1
35441,36281,1
35442,35449,1
35442,35534,1
35442,35686,1
35442,35724,1
35442,35788,1
35442,35792,1
35442,35797,1
35442,35957,1
35442,36030,1
35442,36179,1
35442,36241,1
35442,36277,1
35442,36404,1
35442,36421,1
35442,36429,1
35442,36476,1
35442,36477,1
35443,35549,1
35443,36459,1
35445,35461,1
35445,35534,1
35445,35915,1
35445,36329,1
35445,36337,1
35445,36425,1
35445,36488,1
35447,35524,1
35447,35788,1
35447,36266,1
35447,36459,1
35447,36471,1
35447,36488,1
35449,35465,1
35449,35534,1
35449,35788,1
35449,35792,1
35449,35808,1
35449,35946,1
35449,36050,1
35449,36179,1
35449,36241,1
35449,36310,1
35450,35588,1
35450,35694,1
35450,35918,1
35450,35936,1
35450,35953,1
35450,35964,1
35450,36061,1
35450,36128,1
35450,36446,1
35450,36459,1
35450,36503,1
35453,35860,1
35454,35557,1
35455,35588,1
35455,35777,1
35455,36000,1
35455,36426,1
35458,35529,1
35458,36251,1
35458,36266,1
35458,36459,1
35460,35588,1
35460,35912,1
35460,35937,1
35460,36356,1
35460,36457,1
35461,35534,1
35461,35915,1
35461,36329,1
35461,36425,1
35461,36488,1
35464,35488,1
35464,35534,1
35464,35588,1
35464,35937,1
35464,35941,1
35464,35959,1
35464,36279,1
35464,36281,1
35465,35534,1
35465,35545,1
35465,35808,1
35465,35945,1
35465,36050,1
35473,36307,1
35478,35481,1
35478,35530,1
35478,35532,1
35478,35710,1
35478,35937,1
35478,36001,1
35478,36449,1
35478,36471,1
35478,36488,1
35478,36502,1
35481,35629,1
35481,35638,1
35481,35710,1
35481,36001,1
35481,36378,1
35481,36449,1
35481,36471,1
35482,35545,1
35483,36257,1
35488,35534,1
35488,35588,1
35488,35959,1
35488,36279,1
35489,35707,1
35496,35588,1
35497,36277,1
35498,35641,1
35498,35712,1
35500,35565,1
35502,35978,1
35506,35524,1
35506,35869,1
35506,36484,1
35507,35694,1
35507,36488,1
35514,35645,1
35514,36459,1
35517,35524,1
35517,35588,1
35517,35629,1
35517,35724,1
35517,35937,1
35517,36289,1
35517,36474,1
35517,36515,1
35524,35588,2
35524,35724,1
35524,35783,1
35524,35785,1
35524,35788,1
35524,35851,1
35524,35869,1
35524,36250,1
35524,36266,1
35524,36459,1
35524,36474,1
35524,36484,1
35524,36488,1
35529,36251,1
35529,36266,1
35530,36488,1
35530,36502,1
35532,35629,1
35532,35656,1
35532,35973,1
35532,36001,1
35534,35588,1
35534,35808,1
35534,35915,1
35534,35959,1
35534,36050,1
35534,36279,1
35534,36329,1
35534,36422,1
35534,36425,1
35534,36488,1
35545,35572,1
35545,35588,1
35545,35629,2
35545,35836,1
35545,35937,1
35545,35945,1
35545,36061,1
35545,36399,1
35545,36484,1
35546,35733,1
35548,36425,1
35549,36459,1
35557,35724,1
35557,35944,1
35557,36340,1
35557,36383,1
35572,35629,1
35572,36484,1
35587,35637,1
35587,35825,1
35587,35872,1
35588,35629,2
35588,35638,1
35588,35749,1
35588,35777,1
35588,35781,1
35588,35836,1
35588,35851,1
35588,35917,1
35588,35937,1
35588,35959,1
35588,36000,1
35588,36059,1
35588,36061,1
35588,36128,1
35588,36250,1
35588,36279,1
35588,36289,1
35588,36328,1
35588,36426,1
35588,36452,1
35588,36457,1
35588,36463,1
35588,36469,1
35588,36488,2
35588,36515,1
35625,36049,1
35627,35635,1
35627,35873,1
35627,35931,1
35627,36375,1
35629,35638,1
35629,35656,1
35629,35716,1
35629,35836,1
35629,35937,1
35629,35973,1
35629,36001,1
35629,36061,2
35629,36152,1
35629,36289,1
35629,36311,1
35629,36328,1
35629,36340,1
35629,36378,1
35629,36484,1
35629,36515,1
35635,36375,1
35637,35825,1
35637,35872,1
35638,35740,1
35638,35875,1
35638,36319,1
35638,36378,1
35638,36420,1
35638,36431,1
35638,36452,1
35638,36488,1
35641,35712,1
35645,36459,1
35656,35973,1
35656,36001,1
35686,35797,1
35694,36459,1
35694,36488,1
35710,36001,1
35710,36449,1
35710,36471,1
35716,35991,1
35716,36281,1
35716,36311,1
35716,36320,1
35724,35980,1
35724,36383,1
35724,36421,1
35724,36474,1
35724,36477,1
35740,35875,1
35749,35781,1
35749,36328,1
35749,36378,1
35776,35931,1
35777,36000,1
35777,36426,1
35781,35820,1
35781,36065,1
35781,36328,1
35783,35785,1
35786,35875,1
35786,36327,1
35788,35792,1
35788,36179,1
35788,36241,1
35788,36266,1
35788,36459,1
35788,36488,1
35792,36179,1
35792,36241,1
35808,36050,1
35820,36065,1
35825,35872,1
35829,36484,1
35836,36061,1
35837,35942,1
35837,36037,1
35841,35937,1
35841,36484,1
35856,35875,1
35856,35935,1
35869,36484,1
35873,35931,1
35875,36327,1
35897,36404,1
35897,36488,1
35912,35937,1
35912,36356,1
35913,35925,1
35913,36001,1
35915,36247,1
35915,36329,1
35915,36377,1
35915,36425,1
35915,36476,1
35915,36488,1
35917,35940,1
35917,36271,1
35917,36352,1
35917,36488,1
35918,35936,1
35918,35964,1
35918,36061,1
35918,36446,1
35925,36001,1
35936,35964,1
35936,36061,1
35936,36446,1
35936,36484,1
35937,35941,1
35937,35969,1
35937,36289,1
35937,36356,1
35937,36399,1
35937,36484,1
35937,36515,1
35940,36271,1
35940,36352,1
35942,36037,1
35953,36503,1
35957,36429,1
35957,36476,1
35959,36279,1
35964,36061,1
35964,36446,1
35973,36001,1
35973,36307,1
35974,35976,1
35991,36245,1
35991,36256,1
35991,36320,1
36000,36426,1
36001,36449,1
36001,36471,1
36014,36426,1
36030,36277,1
36030,36404,1
36061,36328,1
36061,36446,1
36179,36241,1
36245,36256,1
36247,36476,1
36251,36266,1
36257,36380,1
36266,36459,1
36266,36488,1
36271,36352,1
36277,36404,1
36289,36515,1
36295,36310,1
36295,36329,1
36295,36393,1
36295,36452,1
36310,36329,1
36310,36393,1
36310,36452,1
36319,36431,1
36329,36393,1
36329,36425,1
36329,36452,1
36329,36488,1
36383,36482,1
36393,36452,1
36402,36471,1
36404,36488,1
36421,36477,1
36425,36488,1
36429,36476,1
36449,36471,1
36452,36488,1
36459,36488,1
36463,36469,1
36488,36502,1
